SNo,Name of the Institutions,Address,State,Email,Contact Person
1,A.C. COLLEGE OF ENGINEERING,KARAIKUDI -(TN),TAMIL NADU,accet.principal@gmail.com,Prof. A. Mala Principal
2,"A.C.Tech Campus Sardar Patel RoadAnna University",Chennai - (T.N.),TAMIL NADU,"murlidharba@annauniversity.edu",Dr. B.A. Muralidhar Assistant Director
3,ABES Engg. College,"19h KM Stone Delhi Hapur By PassRoad Vijay Nagar NH 24",UTTAR PRADESH,registrar@abes.ac.in,Prof. P.N Koul Director
4,"Achariya College of EngineeringTechnology","Achariyapuram, Villianur,PUDUCHERY - (UT)",PUDUCHERRY,acethead@achariya.org,Dr. V.Rajesh kumar Principal
5,"Acharya Narendra Dev University ofDelhi College","Govindpuri, Kalkaji,Dist SouthDelhi, New Delhi-110019",DELHI,udgamandcbi@andc.du.ac.in,Mr. Sanjay Vohra
6,"Aditya Institute of Technology andManagement","K.Kotturu,N/H. 5Road, Tekkali- (AP)","ANDHRAPRADESH",aditya_tekkali@yahoo.com,"Prof.V.V. Nageswar, Director"
7,"Alwar Institute of EngineeringTechnology","Matsya IndustrialArea,NorthExtension,Alwar- (Raj)",RAJASTHAN,aietalwar@aietalwar.com,"Prof. Dipak Tatpuje, Secretary"
8,Amity Innovation Incubator Amity,"E3, First Floor, Sector",UTTAR PRADESH,arsharma@abs.amity.edu,Mr. Aseem Chauhan Chief Executive
9,"Amrita TBI Amrita VishwaVidyapeetham University","Kollam,Kerala",KERALA,kailash@amritapuri.amrita.edu,"Dr. Krishna Sree Achuthan, Chief Executive"
10,ASSAM DOWN TOWN UNIVERSITY,"PANIKHATI, Down Town HospitalLTD, Building No-3, 7th Floor, G.SRoad ,Guwahati-6",ASSAM,"adtu1@universitysupportservices.co.in",Mr. Joutishman Dutta
11,"ATMA RAM SANATAN DHARMACOLLEGE","Dhaula Kuan, New Delhi",DELHI,"principal.arsdcollege@gmail.com",Dr. Rajeev Singh
12,B.V. Bhoomaraddi College of,"Vidyanagar,Hubli , Karnataka",KARNATAKA,principal@bvb.edu,"Prof. Ashok Shettar, Principal"
13,"Babu Banarsi Das Institute ofTechnogy","7 KM Mile Stone, Delhi-MeerutRoad,Duhai,Ghaziabad-",UTTAR PRADESH,director@bbdit.edu.in,"Dr.R.A.Agarwala, Director"
14,"Bannari Amman InstituteofTechnology","Sathyamanglam,District- Erode-638401(TN",TAMIL NADU,bitsathy@bannari.com,"Dr. A. Shanmugam, Principal"
15,"Birla Institute of TechnologyandScience",Pilani,RAJASTHAN,"webmaster@pilani.bits-pilani.ac.in","Prof L.K.Maheshwari, Vice-chancellor cumDirector"
16,"Business Planning Development UnitJawaharlalNehru Krishi Vishwa","Adhartala, Jabalpur-(MP)","MADHYAPRADESH",s.k.rao@bpd-jnkvv.org,"Prof Gautak Kalloo, Vice Chancellor"
17,Business Planning and Development,"Unit, AnandAgriculture University,Anand-(Gujarat)",GUJARAT,rvvyas@aau.in,"Dr. R. V. Vyas, CPI Head"
18,"Business Planning and DevelopmentBPD Unit CCS Haryana Agriculture",Hisar-(Haryana),HARYANA,dhrm@hau.ernet.in,"Dr.K.S.Khookhar, ViceChancellor"
19,C.V.Raman College of Engineering,"Bidyanagar Mahura Janla,Bhubaneswar-Orissa.",ODISHA,info@cvrgi.edu.in,"Dr. K.C Patra, Director"
20,"Central Institute of Plastic EngineeringTechnology","(CIPET), B-27, AmausiIndustrialArea, Lucknow-226008",UTTAR PRADESH,cipetlko@satyam.net.in,"Dr. Vijay Kumar, Deputy Director"
21,"Central University Jammu Deptt. ofHuman Resource Management OB","Block,E- Extension, SainikColony,Jammu","JAMMU ANDKASHMIR",aimaashok@gmail.com,"Prof. Ashok,Aima"
22,"Centre for Innovationentrepreneurship-KIIT TechnologyBusiness Incubator KIIT School of","KIIT UniversityCampus-11,Bhubanesswar-751024",ODISHA,institute@kiitbiotech.ac.in,"Prof. Dr. Ashok S. Kolaskar, VICECHANCELLOR"
23,"Centre for innovation IncubationandEntrepreneurship","CIIE Building,Indian InstituteofManagement(NewCampus),Vastrapur-Ahmedabad-",GUJARAT,ciie@iimahd.ernet.in,"Shri Rakesh Basant, Chairperson"
24,"Centre for Integrated RuralDevelopment GITAM Institute of",Visakhapatnam-(AP),"ANDHRAPRADESH",admin@gitam.edu,"Prof. K.Venkateswara Rao, Director"
25,"Chaitanya Bharati Institute ofTechnology","Vidya Nagar, PRODDATUR, YSR(Kadapa), Dist. Andhra Pradesh","ANDHRAPRADESH",cbitpdtr@gmail.com,"Dr. Panduragan Ravi, Principal"
26,"CHRIST College of Engineering andTechnology","Moolakulam, Pitchaveeranpet,Oulgaret Municipality, Puducherry",PUDUCHERRY,adminoffice@christcet.edu.in,Dr. A. Ravivhandiran Director cum Principal
27,Cluster Innovation Centre,"University of Delhi, SevensBuilding, UniversityStadium,G.C.Narang Marg,New Delhi",DELHI,bibucic@gmail.com,"Dr. B. Biswal,Faculty Associate Professor"
28,"Coimbatore Institute ofEngineeringand Technology","Vellimalaipattinam NarasipuramPost Coimbatore-",TAMIL NADU,info@cietcbe.edu.in,"Dr.N.Nagarajan, Principal"
29,"COIMBATORE INSTITUTE OFTECHNOLOGY","Avinashi Road, Civil AerodromePost, Coimbatore - (T.N.)",TAMIL NADU,principal@citedu.in,Dr. V. Selladural Principal
30,"College of Agricultural Engineeringand Post Harvest Technology","Central AgriculturalUniversity,Ranipool, Gangtok",SIKKIM,dean.caepht@gmail.com,"Dr. P.K.Srivastava,Dean"
31,"College of Agriculture centralAgricultural University","lroisemba, Imphal-Manipur",MANIPUR,dean_collegeagri@yahoo.co.in,"Dr. N. Iboton,Dean"
32,D J College of Engineering Technology,"NiwariRoad, Modinagar, DisttGhaziabad(UP)-",UTTAR PRADESH,sandhugss@gmail.com,"Dr. G.S.Sandhu, Director"
33,"D.K.T.E Societys Textile andEngineering Institute","Post Box-130,RajawadaIchalkaranji,Dist- Kolhapur",MAHARASHTRA,edcdkte@yahoo.co.in,Prof. A.J. Dhavale
34,"Dalmia Institute of Scientific andIndustrial Research","Post Box no. 2, Post-RajgangpurDist.",ODISHA,info@dalmiainstitute.in,"Dr. B.K.Panda, Director,"
35,DAYALBAGH EDUVATIONAL INSTITUTE,"DAYALBAGH,Agra",UTTAR PRADESH,drpremkalra@gmail.com,Prof. Prem Kumar Kalra
36,"Dayanand Sagar College ofEnginnering","Ph. , 5th Floor,ShavigeMalleshwara Hills,Kumaraswamyu",KARNATAKA,"admissions@dayanandasagar.edu",lakshmi jagannathan
37,Dept of management Studies,"Guindy,Chennai",TAMIL NADU,thillair@iitm.ac.in,"Prof. M.S.Ananth, Director"
38,DIT University,Mussoorie Diversion,UTTARAKHAND,dit@dituniversity.edu.in,"Prof. Ashok Kr. Sharma, Head ED Cell"
39,"Don Bosco College of Engineering andTechnology","Kalita, Airport rincial.dbectdbuniversit.ac. Road,Azara, Guwahati- in, Assam.",ASSAM,contact@dbuniversity.ac.in,"Dr. Manoranjan, Principal"
40,"Doon College of EngineeringTechnologySunderpur","Tehsil- Behat, Distt. Saharanpur(UP)",UTTAR PRADESH,yuddhveer_1974@yahoo.co.in,Inder Singh Sangwan Head of Insitution
41,"Dr. B.R. AMBEDKAR INSTITUTE OfTECHNOLOGY","Junglighat P.O ,Pahargaon, PortBlair, A N Island","ANDAMAN &NICOBAR",dbragpt.and@nic.in,Mr. Arun Srivastava
42,"Dr. Hari Singh Gour Central UniversitySagar",(MP),"MADHYAPRADESH","yashwantsinghthakur5@gmail.com","Prof. Y.S. Thakur, Head"
43,"Dr. MGR Educational ResearchInstitute University","Periyar EVR Road, Maduravoyal,Chennai -95",TAMIL NADU,cyrilraj@drmgrdu.ac.in,"Dr. V. Cyril Raj, Dean ET"
44,"Dr. SJS Paul Memorial College ofEngineering and Technology","Ramanathanpuram RevenueVillage, Villianur Commune,",PUDUCHERRY,rr.vijayasarathi@gmail.com,Dr. R. Nakkeeran Principal
45,"EKTA Incubation Center West BengalUniversity ofTechnology","AQ13/1 Sector-V, Salt LakeCity,Kolkata",WEST BENGAL,akchakrabarty@gmail.com,"Alok Ray, Director"
46,"Entrepreneurship DevelopmentCenter","100 NCL Innovation Park, Dr. HomiBhabha Road, Pashan,Pune-",MAHARASHTRA,v.premnath@ncl.res.in,Soma Chattopadhyay
47,"Entreprpeneurship Development CellUniversity of Kerala",",Thiruvananthapuram-",KERALA,ku.release@gmail.com,"Dr.A.Jayakrishanan,Vice -Chancellor"
48,"Er. Perumal Manimekalai College ofEngineering","17th KM Hosur KrishnagiriHighways,Koneriapalli, Hosur (TN)",TAMIL NADU,schitra3@gmail.com,"Dr. S. Chitra, Principal"
49,"Foundation for Innovation andTechnology","Transfer Deans Complex, IndianInstitute of Technology, Haus Khas",DELHI,mdfitt@gmail.com,Dr Surendra Prasad Director
50,"Galgotias College of Engineering andTechnology","1- Knowledge Park, Phase-II,Greater Noida-201306",UTTAR PRADESH,vkdwivedi94@gmail.com,Dr. Suprakash Biswas Director
51,"Gandhi Institution of ManagementStudies",Gunupur Dist.- Rayagada(Orissa),ODISHA,1radhanath.patra@gmail.com,R.N Patra
52,GMR Institute of Technology,"Rajam-, DistSrikakulam(AP)","ANDHRAPRADESH",principal@gmrit.org,"Dr. C.L.V.R.S.V. Prasad, Principal"
53,GOA IT INNOVATION CENTRE,"Opp. Hyundia Showroom, Verna,salcete , Goa. -",GOA,info@gitic.in,"Mr. Jervis Pereira, Director,"
54,Gokaraju Rangaraju Institute,"Bachupally, Kukatpally, Hyderabad.",TELANGANA,info@griet.ac.in,"Dr.Jandhyala N.Murthy, Principa"
55,Government College of Engineering,"Station RoadOsmanpura,Aurangabad-(Maharashtra)",MAHARASHTRA,principalgeca@yahoo.com,"Dr. W.Z.Gandhare, Principal"
56,Government College of Engineering,SALEM-636311(TN),TAMIL NADU,principal@gcesalem.edu.in,"Dr. R. S. D. Wahida Banu, Principal"
57,Government College of Engineering,"NH 46, Bargur, Krishnagiri-(TN )",TAMIL NADU,info@gcebargur.ac.in,"Prof. K. Subathra, Principal"
58,"Gujarat Energy ResearchandManagement Institute","203, 2nd Floor, IT Tower I,Infocity,Gandhinagar-",GUJARAT,information@germi.org,"Prof. N.R.Dave, Director"
59,HI- TECH INSTITUTE OF TECHNOLOGY,"NH-5,Industrial Estate, Khordha by-pass, Khordha ,Odisha ,Pin -",ODISHA,plmohanty@yahoo.co.in,P.L Mohanty
60,"HINDUSTHAN COLLEGE OFENGINEERING AND TECHNOLOGY","Coimbatore, -(TN)",TAMIL NADU,icetprincipal@hindusthan.net,Dr. T. Kannadasan Principal
61,I.T.S Engineering collage,"46,Knowledge Park-III, GreaterNoida Distt. Gautama Budh Nagar",UTTAR PRADESH,info@gitic.in,"Mr. Jervis Pereira,"
62,"IAN Mentoring and IncubationServices","301-302 Delhi Blue Apartments,Near Safdarjung Hoospital, RingRoad, New Delhi",DELHI,"incubator@indianangelnetwork.com","Mr. S.Dixit, Executive Director"
63,"IIMT collage of Pharmacy GreaterNoida","No. A-20 ,Knowledge Park -3,Greater Noida ,U.P",UTTAR PRADESH,iimtgnoida@iimtindia.net,Shri Mayank Agarwal
64,IIMT college of Engineering Greater,"Plot No. A-20, KP-III, Greater",UTTAR PRADESH,md@iimtindia.net,"RT. Mayank Agarwal, Managing Director"
65,"IIMT College Of Medical SciencesMeerut","IIMT Nagar O Pocket Ganga NagarColony Mawana Road. Meerut",UTTAR PRADESH,director_iet@iimtindia.net,"Mr. Yogesh Mohan Ji Gupta, Chairman"
66,IIMT Engineering College Meerut,"Ganga Nagar,",UTTAR PRADESH,mail@iimtindia.net,"Dr. S. Biswas, Director"
67,"IIMT Institute of EngineeringTechnology Meerut","O Pocket Ganga Nagar ColonyMawana Road, Meerut",UTTAR PRADESH,director_iet@iimtindia.net,S.K Sharma
68,"IKP Knowledge Parkerstwhile ICICIKnowledge Park","Gayatri Arcade, First Floor, D-19,Vikrampuri,Opp. Appolo Hospital,Secundarabad",TELANGANA,"infoikpknowledgepark@gmail.com","Deepanwita Chattopadhyay, MD CEO"
69,"ILPA Infrastructure DevelopmentFoundation","13-A,Jawaharlal Nehru RoadChatterjee International Centre4th.Floor.Suit No.-6,Kolkata-071",WEST BENGAL,mail@ilpaindia.org,Ms. Antara Kumar
70,IMS Engg College,"NH-24, Adhyaitmik Nagar PostBoxNo70 Ghaziabad (UP)",UTTAR PRADESH,imsec@imsec.ac.in,"Dr S.P. Pandey, Director"
71,Inderprastha Engineering College,"63, Site-IV, SuryaNagar FlyoverRoad Sahibabad,Ghaziabad(UP)",UTTAR PRADESH,edc@ipec.org.in,"Mr. Sanjay Kumar, Head"
72,Indian Institute of Technology,Roorkee,UTTARAKHAND,ipr-cell@iitr.ernet.in,"Prof. S.C.Saxena, Director"
73,Indian Institute of Technology BHU,VARANASI (UP),UTTAR PRADESH,director@iitbhu.ac.in,"Prof. P.K. Mishra Coordinator, BI Secretary,MCIIE"
74,"Indian Institute of TechnologyGandhinagar Vishwakarma Govt.","Campus,DevelopmentChandralekha,Ahemdabad",GUJARAT,abhijit.mukherjee@iitgn.ac.in,Prof. Abhijit Mukherjee Dean Research
75,Indian Institute of Technology,Guwahati-(Assam),ASSAM,diroff@iitg.ernet.in,"Prof. Gautam Barua, Director"
76,Indian Institute of Technology Patna,"Patliputra colony, Patna",BIHAR,sriru@iitp.ac.in,Dr. Mayank Tiwari
77,Indian Institute of Technology Roprar,Nangal Road Ropar Punjab-,PUNJAB,drestb@iitrpr.c.in,"Shri A. Palanivel, Registrar"
78,Indian School of Mines,Dhanbad(Jharkhand),JHARKHAND,dt@ismdhanbad.ac.in,"Prof. T.Kumar, Director"
79,Innovation Lab TEDEX Techpark,KathrikkadavuJn-17 Kerala,KERALA,info@innovationlab.in,"Mr.Arun Balachandran,CEO"
80,Institute for Autoparts Hand Tools,"A-9, Phase-V, FocalPoint Ludhiana -",PUNJAB,iatldh@yahoo.co.in,"Mr. B.S. Sangha,General Manager"
81,Institute of Engineering Technology,"NorthExtension, M.I.A., Alwar-(Rajasthan)",RAJASTHAN,ietalwar@ietalwar.com,"R.K.Agarwal, DirectorCorp. Office"
82,"Institute of Technical EducationResearch.S.O.A.University Khandagiri",Bhubaneswar-(Orissa),ODISHA,iter@iter.ac.in,"Prof.Dr. Ratikanta Mishra, Dean"
83,Institute of Technology Banaras Hindu,Varanasi,UTTAR PRADESH,director@itbhu.ac.in,"Prof. K.P. Singh, Director"
84,"International Crops research Institutefor the Semi-arid Tropics",ICRISAT Patancheru.,TELANGANA,icrisat@cgiar.org,"William D Dar, Director General"
85,International Institute of,"Gachibowli,Hyderabad",TELANGANA,director@iiit.ac.in,"Prof. Rajeev Sangal, Director"
86,"J.N.T.U.H. College of EngineeringHyderabad Jawaharlal Nehru","Hyderabad(JNTUH), Kulkapally,Hyderabad.",TELANGANA,msmetbi.jntuh@gmail.com,"Dr. M Asha Rani,"
87,Jadavpur University,Kolkata,WEST BENGAL,registrar@admin.jdvu.ac.in,"Dr. Pradip Kumar Ghosh, Registrar"
88,"JSS Mahavidyapeetha ScienceTechnology Entrepreneurs Park JSS","C-20/1, Sector-62, Noida-201301(UP)",UTTAR PRADESH,pkbmenon@gmail.com,Col. jitender singh Minhas
89,K.L.N. COLLEGE OF ENGINEERING,"Madurai Nedukulam RoadPottapalayam Post ,Sivagangai",TAMIL NADU,principal@klnce.edu,Dr. A.V. Ramprasad Head of Institution
90,"Konark Institute of ScienceTechnology","Techno Park, Jatni, Dist Khurda,Odisha-752050",ODISHA,payodharpadhi@gmail.com,"Prof.Dr. Payodhar Padhi,"
91,Kongu Engineering College,"Perundurai, Erode-(TN)",TAMIL NADU,tbi-kec@kongu.ac.in,"Prof. S.Kuppuswami, Principal"
92,Krishi Vigyan Kendra AT Durgapur,(Badnera) Dist Amravati-,MAHARASHTRA,pc_kvka@yahoo.co.in,"Dr.K.A.Dhapke,Program Coordinator"
93,Krishna Engineering College,"95 Loni Road,Mohan Nagar,Ghaziabad(UP)",UTTAR PRADESH,director@krishnacollege.com,"Prof. T.Ramanujam, Director"
94,Lady Doak College,Madurai-(TN),TAMIL NADU,principal@ladydoak.org,"Dr. A Mercypushpalaha, Principal Secretary"
95,"Lakshmi Narayan College ofTechnology","Bhawrasala,Sanwer Road, RewatiRange, Indore- (MP)","MADHYAPRADESH",lnctindore@gmail.com,"Dr. A.K.Sinha, Principal"
96,"M.S. Ramaiah School of AdvanceStudies","470-P,IV-Phase,Peenya IndustrialArea, Peenya,Bengaluru-",KARNATAKA,shekars.tce@msruas.ac.in,"Mr. Shekar S, AGM"
97,MADRAS INSTITUTE OF TECHNOLOGY,"ANNA UNIVERSITY, CHROMEPET,CHENNAI- (T.N.)",TAMIL NADU,edc@mitindia.edu,"Dr. K. Arunachalam, Asst Director,"
98,"Maharaj Vijayaram GajapathiRajCollege of Engineering","ChintalavalasaVizia nagar campus-(A.P.)","ANDHRAPRADESH",bvrit@bvrit.ac.in,"Dr. K.V.L.Raju, Principal"
99,Maharashtra Institute of Technology,"Seed Bypass Road NH-211, SataraVillage Road, Aurangabad (MS)",MAHARASHTRA,Santosh.bhosle@mit.ac.in,"Prof. Munish Sharma, Director"
100,"Mahatma Gandhi Institute for RuralIndustrialization Technology","Manganwadi, wardha",MAHARASHTRA,director.mgiri@gmail.com,Dr. T. Karunakaran
101,"MAILAM ENGINEERINGCOLLAGEMAILAM","TINDIVANAM,VILLUPRAM DIST.,TAMIL NADU",TAMIL NADU,mec@mailamengg.com,Dr. G. Irusapparajan
102,"Majhighaririani Institute ofTechnologyand Science MITS","Sriram Vihar, Bhujabal Koinara,Rayagada-(Odisha)",ODISHA,mits_office@cify.com,"Prof. Dr. M.L. Narasimham, Director"
103,"Malla Reddy College of EngineeringTechnology","Maiisammaguda,Dhulapally,Hakimpet PO,",TELANGANA,adminmriet@gmail.com,P.H.V. Sesha Talpa Sai
104,Malviya National Instituteof,"0-Jaipur- JLN Marg, Jaipur- 302017",RAJASTHAN,director@mnit.ac.in,"Prof. I.K. Bhatt,Director MNIT Campus"
105,Management Studies Research Centre,"161, Lohanchal Colony, BokaroSteel City,Bokaro-(Jharkhand)",JHARKHAND,msrc_161@yahoo.com,"Shri Shashi Bhushan, Chairman cum ManagingTrustee."
106,Manakula Vinayagar Institute of Tech.,"Madagadipet, Puducherry 605107",PUDUCHERRY,mvit_engg@yaoo.in,Dr. R.V. Pazhani
107,Manipal Institute of Technology,Manipal- ( Karnataka),KARNATAKA,office.mit@manipal.com,Brig. Dr. Somnath Mishra Directo
108,Mata Gujri College,Sri Fatehgarh Sahib Punjab,PUNJAB,jaQdish122@rediffmail.com,"Shri Jagdish Singh,Asstt. Professor"
109,MEPCO SCHLENK EngineeringCollege,Sivakashi-( Tamilnadu),TAMIL NADU,nithyanraj@yahoo.com,Dr. S.Balakrishnan Principal
110,Mewar University Chittorgarh,"Gangrar,Chittorgarh (Rajasthan)",RAJASTHAN,akg@mewaruniversity.org,"Dr. Ashok Kumar Gadiya, Chairperson"
111,"MITCON Consultancy and EngineeringServices Ltd.","First Floor, Kuberachambers,Shivajinagar, Pune",MAHARASHTRA,cs.bhosale@mitconindia.co,"Shri Chandrashekhar Kulkarni, Head TBI"
112,"Modern Engineering ManagementStudies","N.H.S, Banaparia, Kuruda, Balasore(Orissa)",ODISHA,mems.bls@gmail.com,"Prof. Dr. Haraprasad Panda, Principal"
113,MSME TDC PPDC Agra,"Autonomous Body under M/oMSME, Govt. of India",UTTAR PRADESH,paselvam@gmail.com,"Shri Panneer Selvam, Principal Director"
114,"Nagaland Mini Tool Room TrainingCentre NewIndustrial Estate","Near Sub-Jail Junction, P.O.Box No.202, Dimapur-(Nagaland)",NAGALAND,dimapur_nmttc@rediffmail.com,"Er. G.K.eppen Rengma, CEO"
115,National Afforestation,"JadavpurUniversity, Kolkata-",WEST BENGAL,asismazumdar@yahoo.com,"Prof. Asis Mazumdar, Joint Coordinator"
116,"National DesignBusinessIncubatorNIIDNational","Paldi,Ahmedabad",GUJARAT,coo_ndbi@nid.edu,"Mahesh Krovvidi, CEO"
117,National Engineering College,"K.R.Nagar, Kovilpatti -.Thoothukudi District (TN)",TAMIL NADU,principal@nec.edu.in,"Dr. S. Shanmugavel Principal,"
118,"National Institute of ScienceTechnology",Berhampur,ODISHA,jagmohanty@rediffmail.com,"Prof. Sangram Mudali, Director"
119,National Institute of Technology,"Rourkela Dist Sundergarh,(0disha)",ODISHA,director@nitrkl.ac.in,"Sunil Kumar Sarangi, Director"
120,National Institute of Technology,"Takyelpat, Imphal",MANIPUR,manglem@gmail.com,"Mr. Rajkumar Lalit Singh, Head of Institute"
121,NIFT-TEA College of Knitwear Fashion,"Tea Nagar, Mudalipalayam, Tirupur",TAMIL NADU,info@nifttea.ac.in,"Dr. N. Gokarneshan, Principal"
122,"NITK-Science TechnologyEntrepreneurs Park NITK-STEP","Karnataka, Surathkal, P.O.Srinivasnagar",KARNATAKA,directorstep@hotmail.com,Dr. Sandeep Sancheti Director
123,NITTE University University,"Enclave, Medical SciencesComplex, Deralakatte, Mangalore-",KARNATAKA,reg@nitte.edu.in,Prof. Dr. M.S. Moodithaya Registrar
124,"Nitte Meenakshi Institute ofTechnology","Gollahalli, P.B.No.6492,Yelahanka,Bangalore",KARNATAKA,manjunath@nsom.ac.in,Dr. V.S Manjunath
125,"Nizam College of EngineeringTechnology","Desmukhi Village,Pochampally(mandal)",TELANGANA,"nizamgroupofinstitution@rediffmail.com","Prof. col. Munshi,"
126,NMAM Institute of Technology,Nitte-Karkalla Taluk,KARNATAKA,principal_nmamit@nitte.edu.in,Dr. Niranjan N Chiplunkar
127,"NOIDA INSTUTUTE OF ENGINERINGTECHNOLOGY","19, Knowledge Park -II,Institutional Area, Greater Noida,",UTTAR PRADESH,srmustafa@niet.co.in,"Mr. S.K. Mustafa General Manager,"
128,"North Eastern Regional InstituteofScience and TechnologyNERIST",Nirjuli-Itanagar (ArunachalPradesh),"ARUNACHALPRADESH",mdmanapuram@yahoo.co.uk,Dr. Joram Begi Director
129,Orissa Engineering College,"Nabajyoti Bihar, Nijigarh Kurki,P.O.Harirajpur,Jatani, Bhubaneswar",ODISHA,principal@oec.ac.in,"Dr. Maya Nayak, Prof"
130,Padmasri Dr. B.V.Raju Institute,"Visnupur, Narsapur, Medak(Dt).",TELANGANA,bvrit@bvrit.ac.in,"Dr B Basavaraja, Principal"
131,Periyar Maniammai University,"Periyar Nagar,Vallam, Thanjavur-613403 (TN)",TAMIL NADU,info@periyartbi.org,Mahendra Mohan b
132,PES University,"100 Feet ring Road, BSK III Stage,Bengluru (Karnataka)",KARNATAKA,admissions@pes.edu,Dr. B. N Balaji Singh Dean
133,"PGP College of EngineeringTechnology","NH-7, Karur Main Raod, NamakkalTamilnadu",TAMIL NADU,pricipalpgp@yahoo.co.in,"Dr. S. Nithiyanandam, Principal"
134,Pondicherry Engineering College,"Pillaichavady, Puducherry-",PUDUCHERRY,principal@pec.edu,Prof. D Govindarajulu Principal
135,"PSG College of Technology ScienceTechnology Entrepreneurial Park","Peelamedu, Coimbatore",TAMIL NADU,step@psgtech.edu.com,"Dr. k Suresh Kumar, GM"
136,"Radharaman Institute of ResearchTechnology RIRT RadharamanGroup","Bhadbhada Road,Ratibad,Bhopal-(MP)","MADHYAPRADESH",info@radharamanbhopal.com,"Sh.R.R.Saxena,Chairman RGI"
137,Raj Kumar Goel Engineering College,"40th K. M. Stone, NH-24, Delhi-Hapur Road, Pilkhuwa, Gaziabad",UTTAR PRADESH,enquiries@authnumber.com,"Prof. Ashish Soti, Director"
138,"Rajdhani College of Engineering andManagement","PlotNo.18,SectorA, Zone-B,6,Mancheswar Industrial",ODISHA,rcemindia@rediffmail.com,"Dr.Manas RanjanMallick,Dean"
139,Rajiv Gandhi College of Engg. Tech.,"Pondy-Cuddalore Main Road,Kirumampakkam, Puducherry",PUDUCHERRY,info@rgcetpdy.ac.in,"Dr. S.Sundaramurthy Reddy,"
140,"RAM-EESH INSTITUTE OFENGINEERING TECHNOLOGY","3 Knowledge Park-IGreater Noida -(UP)",UTTAR PRADESH,info@rameeshinsitutions.org,Dr. R.C. Sharma Chairman
141,"Ramrao Adik Institute ofTechnology drD.Y PatilVidyanagar","Sector-7, Nerul, NaviMumbai",MAHARASHTRA,rait@rait.ac.in,"Dr. S.R. Devane, Principal"
142,"Research and TechnologyDevelopment Centre ShardaUniversity","Plot no.32,34, Knowledge Park, 3Greater Noida-",UTTAR PRADESH,dr.sunilkmishra@gmail.com,"Dr. S.K Mishra, Director RD"
143,"RIMT Institute of EngineeringTechnology","NH-1,Near floatingRestaurant,Sirhind Side,Mandi",PUNJAB,directorrimt@rimt.ac.in,"Dr. Harsh Sadawarti, Director"
144,RMK ENGINEERING COLLEGE,Kavaraipettai (T.N.),TAMIL NADU,principal@rmkec.ac.in,Dr. Elwin Chandra Monie Principal
145,"Rural Technology Business IncubatorRTBI","ESB 331,Indian InstituteofTechnology",TAMIL NADU,ashok@tenet.res.in,Dr. M.S.Ananth Director
146,S.A. Engg College,"Poonamallee-Avadi Main Road,Thiruverkadu, Chennai -",TAMIL NADU,saec@saec.ac.in,"P. Venkatesh Raja, Director"
147,Sachdeva Institute of Technology,Farah Mathura- (U.P),UTTAR PRADESH,sit@sitmathura.org,Mr. Vikas Kumar Rai Dean
148,Sardar Vallabhbhai NationalInstitute,"Ichchanath, Surat",GUJARAT,director@svnit.ac.in,"Dr. P.D.Porey, Director"
149,"Science and TechnologyEntrepreneurs Park STEP Harcourt","STEP-HBTI, HBTI Campus,Nawabganj, Kanpur",UTTAR PRADESH,krish.hbti06@gmail.com,Mr. Krishna Kant Bhartiy
150,"Science and TechnologyEntrepreneursParkIndian Institute of Technology",Kharagpur-(WB),WEST BENGAL,mdstep@hijili.iitkgp.ernet.in,Prof Damodar Acharya Director
151,"Shri Sant Gajanan Maharaj College ofEngineering","Khamgoan Road,ShegaonDist.Buldhana (Maharashtra)",MAHARASHTRA,registrar@ssgmce.ac.in,Dr. S.B Patil
152,SHRI SHANKARACHARYA TECHNICAL,"Junwani,Bhilai (Chhattisgarh)",CHHATTISGARH,ssgi@ssgi.edu.in,Dr.R.N Patel
153,"Shri Venkateshwara College ofEngineering","Post Bag No. 1, Bengaluru NationalHighway Pennalur, Kancheepuram(District), (TN )",TAMIL NADU,info@svcetech.org,Dr. R.Parthiban Principal
154,"Shriram Institute for IndustrialResearch","19-University Road,Dist. NorthDelhi,Delhi-110007",DELHI,sritbi@shriraminstitute.org,Mr Bhupesh Sharma
155,SIDBI Innovation and Incubationcentre,"Indian Institute ofTechnology,Kanpur, Kanpur-",UTTAR PRADESH,bvphani@iitk.ac.in,"Prof. S.G.Dhande, Director"
156,Silicon institute of Technology,"Silicon Hills, Patia, Bhubaneswar",ODISHA,director@silicon.ac.in,"Prof Dr. R.K.Pattnaik, Director"
157,Sir Padampat Singhania University,"Bhatewar, Udaipur-313601",RAJASTHAN,info@spsu.ac.in,Dr. Ghanshyam Purohit
158,SKR Engineering College,"Nazarathpet,poonamallee,Chennai",TAMIL NADU,admin@skrenggcollege.org,"Dr. M.Senthil Kumar, Principal"
159,"Society for Development ofComposites","TBI Blocks, Composites TechnologyPark, No.205-Bande Mutt, KengeriSatellite Township",KARNATAKA,drgopalan2003@yahoo.com,"Dr. R.Gopalan, Executive Director"
160,Sona College of Technology,"Junction Main Road,Suramangalam, SALEM- (Tamil",TAMIL NADU,info@sonatech.ac.in,"Prof. N. Sampathkumar Head-Entrepreneurship"
161,"Sri JayachamarajendraCollegeEngineering-TechnologyEntrepreneurs Park JSS",Mysore-570006(Karnataka),KARNATAKA,info@sjce-step.org,"Shri D.P.Shivakumar, Chief Executive"
162,Sri Manakula Vinayagar Engineering,"Madagadipet, Puducherry- 605107",PUDUCHERRY,smvec@smvec.ac.in,Dr. J. Madhusudanan
163,"SRI RAMAKRISHNA ENGINEERINGCOLLEGE","Vattamalaipalayam N.G.G.O.Colony Post Coimbatore - T.N",TAMIL NADU,profkcitra@gmail.com,"Dr. K. Chitra, Director"
164,"SRI SIVASUBRAMANIYA NADARCOLLAGE OF ENGINEERING","Rajiv Gandhi Salai(OMR),Kalavakkam, TAMIL NADU",TAMIL NADU,sace.info@ssn.edu.in,Amit Tyagi
165,"SriKrisha College ofEngineeringandTechnology","sugunapuram,Kuniamuthur,P/O/.Coimbatore-(TN)",TAMIL NADU,vlbramesh@rediffmail.co,"Dr. S.Subramanian, Principal"
166,"St Peters Institute of Higher Educationand research.","College Road, Avadi, Chennai-600054",TAMIL NADU,"director-research@stpetersunvisersity.org","Dr.D.S.Ramchandra Murthy, Dean RD"
167,SUYASH INSTITUTE OF INFORMATION,"Hakkabad,Gorakhpur-(U.P.)",UTTAR PRADESH,sistkp@yahoo.com,"Prof. Dr. H,C. Prasad, Director"
168,Syed Ammal Engineering College,"Dr. E.M Abdullah campus,Ramanathapuram-Pin-(TN)",TAMIL NADU,saec@syedengg.ac.in,Prof.Dr.P.Marimuthu Principal
169,"Synergy Institute of Engineeringtechnology","Dhenkhanal, odisha",ODISHA,sietdkl@synergyinstitute.net,Shri Binod Dash
170,Tamilnadu Agriculture University,"Directorate of Agri BusinessDevelopment, Coimbatore",TAMIL NADU,dir@ndri.res.in,"Dr. P. Murugesa, Vice-Chancellor"
171,"Technology Business IncubatorDepartment of Microbiology","University of Delhi, SouthCampus,Benito Juarez Road, New",DELHI,rksmicro@yahoo.co.in,Dr.Prof. R.K.Saxena
172,"Technology Business Incubator- KIETKrishna group of Institute","13 Km Stone,Ghaziabad-MeerutRoad,Muradnagar, Ghaziabad (UP)",UTTAR PRADESH,tbikiet@gmail.com,Dr. Satendra Kumar
173,"Technology Business IncubatorNational Institute of Technology","NIT Campus(P.O.), Calicut",KERALA,balac68@yahoo.com,Dr. G.R.C. Reddy Director
174,Technology Business Incubator,"Taramanicampus, Chennai-600113",TAMIL NADU,info@connectone.in,"Dr. G.Gangi Reddy, Managing Director"
175,"Technology Business Incubator-Society for Innovation","NDRICampus, Karnal-",HARYANA,dir@ndri.res.in,"Dr. A.K.Srivastav, Director Vice Chancellor"
176,"Technopark Technology BusinessIncubator T-TBI Park Centre",Trivandrum-(Kerala),KERALA,response@technoparktb.org,"Mr. K.C.Chandrasekhar Nair, Secretary"
177,TEJPUR UNIVERSITY,"Nappam, Tejpur",ASSAM,mailadmin@tezu.ernet.in,"Shri, Biren Das, Registrar"
178,Thanthal Periyar Government Institute,"Bagayam, VELLORE (TN)",TAMIL NADU,sbalaji@tce.edu,"Dr.M.Arularasu, Principal,"
179,Thigarajar College of Engineering,Madurai -(TN),TAMIL NADU,sbalaji@tce.edu,"Dr. S. Balaji Assistant Professor,"
180,"Tiruchirapalli Regional EngineeringCollege Science Technology","Entrepreneurs Park trec-step,NITCampus",TAMIL NADU,jawa_ts@yahoo.com,Shri R.M.P. Jawahar
181,Trident Academy of Technology,"Plot No F2/A, Chandaka IndustrialEstate, InfocityArea,Chandrasekharpur,",ODISHA,edcell@tat.ac.in,Mr. Santosh Kumar Sahoo Assistant Professor
182,"Vallurupalli Nageswar Rao VignanaJyothi Institute of Engg. Technology","Vignana Jyothi Nagar,Bachupally,Nizampet (SO),Kukatpally, Hyderabad.",TELANGANA,postoffice@vnrvjiet.ac.in,"Dr. C.D. Naidu, Principal"
183,"Vel Tech Dr. RR Dr SR TechnicalUniversity","42, Avadi- Vel Tech Road,TriuvallurChennai-",TAMIL NADU,veltech@vsnl.com,Dr. P. Sarasu
184,Velammal College of Engg. Technology,"Velammai Nagar, Madurai,Rameswaram High Road,",TAMIL NADU,principal@vcet.ac.in,Dr. N. Suresh Kumar
185,Vellore Institute of Technology,"Technology Business Incubator, VITUniversity, Vellore",TAMIL NADU,preethi@nitc.in,Dr D.P. Kothai
186,"Villgro Innovations Foundations IITMResearch Park","KanagamRoad, Taramani (BehindTidelPark), Chennai",TAMIL NADU,info@villgro.org,"Dr. Kh.Somorendro Singh, Principal"
187,"VINAYAKA MISSIONS KIRUPANANDAVARIYAR ENGINEERING COLLEGE","Sanskari Road (NH-47),PeriyaSeeragapadi,Salem-",TAMIL NADU,principal.vmkvec@vmu.edu.in,"Dr. A. Nagappan, Principal"
188,Vivekanand Institute of Biotechnology,"Sri Ramkrishna AshramP.O.Nimpith Ashram Dist. SouthPargana(Sundarbans),-PIN-743338",WEST BENGAL,vibsran@rediffmail.com,"B.K.Datta, Director"
189,VNS Group of Education,"Corporate Office Plot No.3,Khushiram Tower, Zone-II, M.P.","MADHYAPRADESH",info@vns.ac.in,"Dr. V.C.Singh, Principa"
190,"Xavier Institute of ManagementEntrepreneurship Development","Xavier Square,Bhubaneswar-",ODISHA,edc@ximb.ac.in,"Fr P T Joseph, sj, Director"
191,"Xavier Research Foundation LoyolaCentre for Research and DevelopmentSt Xaviers College","Xavier Research Foundation-Bussiness Incubator (XRF-TBI),Loyola Centre for Researchand Development, St Xaviers",GUJARAT,icrdad1@bsnl.in,"Dr. Vinccent J. Braganza, S.j., Director"
192,"Zonal Technology ManagementBusiness Planning and Development",ICAR-IARI Pusa Campus New Delhi,DELHI,director@iari.res.in,Dr. Neeru Bhooshan
193,"Zonal Technology Management ZTMand Business Planning DevelopmentBPD unit Indian Veterinary Researc",Izatnagar (UP),UTTAR PRADESH,rpsingh@ivri.up.nic.in,"Mr.M.C.Sharma, Director"
194,"Zonal Technology Management ZTMand Business Development BPD Unit","AdenwalaRoad, Matunga,Mumbai",MAHARASHTRA,bpd.circot@gmail.com,"Dr. S.Sreenivasan, Directo"
195,"ZonalTechnology Management ZTMand Business Planning DevelopmentBPD unit","south zone,Central Institute ofFisheries Technology, CIFTJunction, Matsyapuri P.O.Cochin-",KERALA,cift@ciftmail.org,"Dr.T.K.Srinivasa Gopal,Diriector"
196,Anand Institute of Higher Technology,"IT Highway, Khazipattur, Chennai-603103",Gujarat,"aiht anand@ ahoo.co.in,orincipal@aiht.ac.in","Dr. T.A. Raghavendiran, Head of Institute"
197,Meerut Institute of Engineering &,"Baghpat CrossingMeerut –250 005(UP)",U.P,ajayks10@gmail.com,"Dr.Ajay Singh,   Professor"
198,Anna University  (Regional office Coi,"Somiyampalayam,Coimbatore – 641046",(TN),kandavelkk@gmail.com,"Dr. K. Kanthavel  Faculty Cordinator, ED-Cell"
199,"Shri Ramdeobaba College ofEngineering and Management","Katol Road,  Nagpur-13(MH), Maharastra",Maharastra,Principal@rknec.edu,"Dr. Rajesh Pande,  Principal"
200,Vivekananda Institute of Technol,"VIT Campus, Sector 36, NRI Road,Sisyawas, Jagatpura, Jaipur30301 2, Rajas than",Rajasthan,"dhuria.latika@vgu.ac.in,vicechairperson.vgu@gmail.com","Dr.M. Raisinghani ,Vice-Chairperson."
201,"Asian School of BusinessManagement, Bhubaneswar","Shiksha Vihar , Bhola Chhak,Barang Khurda Road,ChandakaBhubaneswar – 754012Odisha",Odisha,institute@asbm.ac.in,"Dr. Saikat GochhaitCoordinator (EDC)"
202,Mahendra Engineering College,"Salem- Tiruchengode Highway,Mahendhirapuri,Mallasamudram(West)- SankagiriRd,  ,Namakkal District, Tamil Nadu",Tamil Nadu,"ed@mahendra.info,info@mehendrainstitutions.com",Dr. R. Samson Ravindran
203,Chitkara Institute of Engineering,"Patiala National Highway, (N-H-64)Cha ndigarh",Punjab,srmustafa73@gmail.com,"Mr. SR Mustafa, Principal Mentor"
204,"Model Institute of Engg. &Technology","Kot Bhalwal, Jammu- 181122J&K",Jammu & Kashmir,ankurgupta@mietjammu.in,"Dr. Ankur guptaJoint Director"
205,"Hi Tech Institute of Engg. &Technology","HIET Campus, 766, 26th KM stoneDelhi- Hapur Bypass (NH-24)","GhaziabadDelhi (NCR)",IEDC@HIET.ORG,"Mr. Sanjay KumarManager – IEDC/CTTIA"
206,"Gvt. Engg. College ThrissureKerala",Thrissure – 680009,Kerela,prasetha@gectcr.ac.in,"Ajay JamesAssistant Professor"
207,"P.O Prassinikkadavu, Kannur,Kerala- 670563",Kerala,drtdjohn@gmail.com,Dr. Satyakumar,
