"Academic Institutions (Category of AI wise) As on July 31, 2020",,,
AI Code,AI Name,State,Type/Category of Academic Institution (AI)
30080,"IIIT Nuzvid, Rajiv Gandhi University of Knowledge Technologies",Andhra Pradesh,"Autonomous Colleges affiliated toUniversity/Board"
30057,"State Board of Technical Education & Training, Andhra Pradesh",Andhra Pradesh,Board
11469,Assam Higher Secondary Education Council,Assam,Board
11470,Bihar School Examination Board,Bihar,Board
11472,Chhattisgarh Board of Secondary Education- Raipur,Chhatisgarh,Board
11513,"Chhattisgarh Sanskrit Board, Raipur",Chhatisgarh,Board
30010,"Chhattisgarh State Open School, Raipur",Chhatisgarh,Board
11519,Board of Technical Education,Delhi,Board
11463,CBSE,Delhi,Board
11464,National Institute of Open  Schooling,Delhi,Board
30007,State Council of Education Research and Training,Delhi,Board
11473,Goa Board of Secondary and Higher Secondary Education (GBSHSE),Goa,Board
30064,"Himachal Pradesh Takniki Shiksha board, Dharamshala",Himachal Pradesh,Board
11477,J & K State Board of School Education,Jammu and Kashmir,Board
30013,"Board of Technical Examination, Bengaluru",Karnataka,Board
11485,"M.P. State Open School Education Board, Bhopal",Madhya Pradesh,Board
11512,"Maharshi Patanjali Sanskrit Sansthan, Bhopal",Madhya Pradesh,Board
11486,"Board of Secondary Education, Manipur",Manipur,Board
11487,Council of HR Secondary Education Manipur,Manipur,Board
11488,Meghalaya Board of school education,Meghalaya,Board
11489,Mizoram Board of School Education,Mizoram,Board
30009,Mizoram state Council for technical Education,Mizoram,Board
11490,Nagaland Board Of School Education,Nagaland,Board
30118,The Punjab State Board of Technical Education and Industrial Training,Punjab,Board
30073,Board of Technical Education-Rajasthan,Rajasthan,Board
11496,"Directorate of Government Examination,Chennai",Tamilnadu,Board
30090,State Board Of Technical Education And Training Telangana,Telangana,Board
11499,Tripura Board of Secondary Education (TBSE),Tripura,Board
10708,"Board of Technical Education, Lucknow",Uttar Pradesh,Board
11500,U.P. Board of High School & Intermediate Education,Uttar Pradesh,Board
30094,"West Bengal State Council Of Technical & Vocational Education And SkillDevelopment",West Bengal,Board
30081,"IIIT Srikakulam, Rajiv Gandhi University of Knowledge Technologies",Andhra Pradesh,"Central Higher Education Institutions -CHEI"
10006,"Indian Institute of Science Education & Research (IISER), Tirupati",Andhra Pradesh,"Central Higher Education Institutions -CHEI"
10007,"Indian Institute of Technology, Tirupati",Andhra Pradesh,"Central Higher Education Institutions -CHEI"
10032,"National Institute of Technology, Andhra Pradesh",Andhra Pradesh,"Central Higher Education Institutions -CHEI"
10039,National Institute of Technology Arunachal Pradesh,Arunachal Pradesh,"Central Higher Education Institutions -CHEI"
10045,"National Institute of Technology, Silchar",Assam,"Central Higher Education Institutions -CHEI"
10075,"All India Institute of Medical Sciences, Patna",Bihar,"Central Higher Education Institutions -CHEI"
11012,Indian Institute of Management Bodh Gaya,Bihar,"Central Higher Education Institutions -CHEI"
10079,"Indian Institute of Technology, Patna",Bihar,"Central Higher Education Institutions -CHEI"
10083,"National Institute of Technology, Patna",Bihar,"Central Higher Education Institutions -CHEI"
11347,"Indian Institute of Management, Raipur",Chhatisgarh,"Central Higher Education Institutions -CHEI"
10111,"National Institute of Technology, Raipur",Chhatisgarh,"Central Higher Education Institutions -CHEI"
11303,RITEE Business School,Chhatisgarh,"Central Higher Education Institutions -CHEI"
11353,"Indian Institute of Mass Communication, New Delhi",Delhi,"Central Higher Education Institutions -CHEI"
10125,National Institute of Technology Delhi,Delhi,"Central Higher Education Institutions -CHEI"
10116,"School of Planning & Architecture, New Delhi",Delhi,"Central Higher Education Institutions -CHEI"
10143,"National Institute of Technology, Goa",GOA,"Central Higher Education Institutions -CHEI"
30006,"National Institute of Pharmaceutical Education and Research (NIPER) -Ahmedabad",Gujarat,"Central Higher Education Institutions -CHEI"
30107,"Central Institute Of Plastics Engineering And Technology, Murthal",Haryana,"Central Higher Education Institutions -CHEI"
11374,"National Institute of Financial Management, Faridabad",Haryana,"Central Higher Education Institutions -CHEI"
10229,"National Institute of Technology, Kurukshetra",Haryana,"Central Higher Education Institutions -CHEI"
11007,Indian Institute of Management Sirmaur,Himachal Pradesh,"Central Higher Education Institutions -CHEI"
10277,"National Institute of Technology, Srinagar",Himachal Pradesh,"Central Higher Education Institutions -CHEI"
11382,"Indian Institute of Management, Ranchi",Jharkhand,"Central Higher Education Institutions -CHEI"
10281,"Indian School of Mines, Dhanbad",Jharkhand,"Central Higher Education Institutions -CHEI"
30022,National Institute of Foundry & Forge Technology,Jharkhand,"Central Higher Education Institutions -CHEI"
10297,"National Institute of Technology, Jamshedpur",Jharkhand,"Central Higher Education Institutions -CHEI"
10328,"National Institute of Technology, Karnataka",Karnataka,"Central Higher Education Institutions -CHEI"
30112,"Indian Institute of Handloom Technology, Kannur",Kerala,"Central Higher Education Institutions -CHEI"
11387,"Indian Institute of Management, Kozhikode",Kerala,"Central Higher Education Institutions -CHEI"
10364,"Indian Institute of Science Education & Research (IISER),Thiruvananthapuram",Kerala,"Central Higher Education Institutions -CHEI"
10373,"All India Institute of Medical Sciences, Bhopal",Madhya Pradesh,"Central Higher Education Institutions -CHEI"
11396,"Indian Institute of Management, Indore",Madhya Pradesh,"Central Higher Education Institutions -CHEI"
10400,"Indian Institute of Technology, Indore",Madhya Pradesh,"Central Higher Education Institutions -CHEI"
10388,School of Planning and Architecture-Bhopal,Madhya Pradesh,"Central Higher Education Institutions -CHEI"
30072,All India Institute of Local Self-Government - Mumbai,Maharashtra,"Central Higher Education Institutions -CHEI"
11403,"Film and Television Institute of India, Pune",Maharashtra,"Central Higher Education Institutions -CHEI"
30103,"Government Polytechnic, Nagpur",Maharashtra,"Central Higher Education Institutions -CHEI"
10454,"Indian Institute of Information Technology, Pune",Maharashtra,"Central Higher Education Institutions -CHEI"
10970,"Institute for Design of Electrical Measuring Instruments, Sion Mumbai",Maharashtra,"Central Higher Education Institutions -CHEI"
30001,National Institute of Industrial Engineering - NITIE,Maharashtra,"Central Higher Education Institutions -CHEI"
10470,"Indian Institute of Information Technology, Senapati",Manipur,"Central Higher Education Institutions -CHEI"
10469,National Institute of Technology Manipur,Manipur,"Central Higher Education Institutions -CHEI"
10473,National Institute of Technology Meghalaya,Meghalaya,"Central Higher Education Institutions -CHEI"
10482,National Institute of Technology Mizoram,Mizoram,"Central Higher Education Institutions -CHEI"
10484,"National Institute of Technology, Nagaland",Nagaland,"Central Higher Education Institutions -CHEI"
10512,National Institute of Technology Puducherry,Puducherry,"Central Higher Education Institutions -CHEI"
10539,"Indian Institute of Science Education & Research (IISER), Mohali",Punjab,"Central Higher Education Institutions -CHEI"
10591,"All India Institute of Medical Sciences, Jodhpur",Rajasthan,"Central Higher Education Institutions -CHEI"
10276,Digital Shiksha and Rojgar Vikas Sansthan,Rajasthan,"Central Higher Education Institutions -CHEI"
10593,"Indian Institute of Technology, Jodhpur",Rajasthan,"Central Higher Education Institutions -CHEI"
10628,Dakshina Bharat Hindi Prachar Sabha,Tamil Nadu,"Central Higher Education Institutions -CHEI"
30003,Indian Institute of Handloom Technology,Tamil Nadu,"Central Higher Education Institutions -CHEI"
10651,"Indian Institute of Information Technology, Design & Manufacturing,Kancheepuram",Tamil Nadu,"Central Higher Education Institutions -CHEI"
11431,"Rukmini Devi College of Fine Arts, Kalakshetra Foundation, Chennai",Tamil Nadu,"Central Higher Education Institutions -CHEI"
10705,"National Institute of Technology, Warangal",Telangana,"Central Higher Education Institutions -CHEI"
10709,"National Institute of Technology, Agartala",Tripura,"Central Higher Education Institutions -CHEI"
10625,Academy of Scientific & Innovative Research,Uttar Pradesh,"Central Higher Education Institutions -CHEI"
30067,Footwear Design & Development Institute,Uttar Pradesh,"Central Higher Education Institutions -CHEI"
10717,"Indian Institute of Information Technology, Allahabad",Uttar Pradesh,"Central Higher Education Institutions -CHEI"
10755,"Indian Institute of Information Technology, Lucknow",Uttar Pradesh,"Central Higher Education Institutions -CHEI"
10780,"Indian Institute of Technology (Banaras Hindu University), Varanasi",Uttar Pradesh,"Central Higher Education Institutions -CHEI"
12110,"Indirapuram Institute of higher studies, Ghaziabad",Uttar Pradesh,"Central Higher Education Institutions -CHEI"
10773,"Rajiv Gandhi Institute of Petroleum Technology, Rae Bareli",Uttar Pradesh,"Central Higher Education Institutions -CHEI"
10818,"Indian Institute of Engineering Science and Technology, Shibpur",West Bengal,"Central Higher Education Institutions -CHEI"
10836,"Indian Institute of Information Technology, Kalyani",West Bengal,"Central Higher Education Institutions -CHEI"
10837,Indian Institute of Science Education & Research (IISER),West Bengal,"Central Higher Education Institutions -CHEI"
10846,"Indian Institute of Technology, Kaharagpur",West Bengal,"Central Higher Education Institutions -CHEI"
10814,"National Institute of Technology, Durgapur",West Bengal,"Central Higher Education Institutions -CHEI"
11454,"Satyajit Ray Film and Television Institute, Kolkata",West Bengal,"Central Higher Education Institutions -CHEI"
10703,"University of Hyderabad, Hyderabad",Andhra Pradesh,Central University
10041,"Rajiv Gandhi University, Itanagar",Arunachal Pradesh,Central University
10044,"Assam University, Silchar",Assam,Central University
10064,"Tezpur University, Tezpur",Assam,Central University
10077,"Central University of South Bihar, Patna",Bihar,Central University
10086,Dr. Rajendra Prasad Central Agricultural University,Bihar,Central University
10892,"Mahatma Gandhi Central University, Motihari",Bihar,Central University
10094,"Guru Ghasidas Vishwavidyalaya, Bilaspur",Chhatisgarh,Central University
10129,Indira Gandhi National Open University,Delhi,Central University
10120,Jamia Millia Islamia University,Delhi,Central University
10887,"Rajiv Gandhi National Aviation University, Amethi",Delhi,Central University
10123,University of Delhi,Delhi,Central University
10165,"Central Univeristy of Gujarat, Gandhinagar",Gujarat,Central University
10230,"Central University of Haryana, Mahendergarh",Haryana,Central University
10274,Central University of Jammu,Jammu and Kashmir,Central University
10275,"Central University of Kashmir, Srinagar",Jammu and Kashmir,Central University
10289,"Central University of Jharkhand, Ranchi",Jharkhand,Central University
10337,"Central University of Karnataka, Gulbarga",Karnataka,Central University
10357,"Central Univeristy of Kerala, Kasaragod",Kerala,Central University
10410,"Dr. Harisingh Gaur  Vishwavidyalaya, Sagar",Madhya Pradesh,Central University
10372,"Indira Gandhi National Tribal University, Amarkantak",Madhya Pradesh,Central University
10465,"Mahatama Gandhi Antarrashtriya Hindi Vishwavidyalaya, Wardha",Maharashtra,Central University
10468,"Manipur University, Imphal",Manipur,Central University
10474,"North Eastern Hill University, Shillong",Meghalaya,Central University
10481,"Mizoram University, Aizwal",Mizoram,Central University
10487,Nagaland University,Nagaland,Central University
10503,"Central University of Orissa, Koraput",Odisha,Central University
10513,Jawaharlal Institute of Postgradute Medical Education & Research,Puducherry,Central University
10514,"Pondicherry Univeristy, Puducherry",Puducherry,Central University
10544,"Central University of Rajasthan, Jaipur",Rajasthan,Central University
10620,"Sikkim  University, Gangtok",Sikkim,Central University
10674,"Central University of Tamil Nadu, Tiruvarur",Tamil Nadu,Central University
10630,Indian Maritime University,Tamil Nadu,Central University
10691,"The English and Foreign Languages University, Hyderabad",Telangana,Central University
10711,"Tripura University, Agartala",Tripura,Central University
10751,"Babasheb Bhimrao Ambedkar University, Lucknow",Uttar Pradesh,Central University
10816,"Visva Bharati, Shantiniketan",West Bengal,Central University
10008,"Rastriya Sanskrit Vidyapeeth, Tirupathi",Andhra Pradesh,Deemed to be University
10003,"Sri Satya Sai Institute of Higher Learning, Anantpur",Andhra Pradesh,Deemed to be University
10020,"Vignan's Foundation of Science, Technology & Research, Guntur",Andhra Pradesh,Deemed to be University
10040,North Eastern Regional Institute of Science & Technology,Arunachal Pradesh,Deemed to be University
10074,"Nava Nalanda Mahavihara, Nalanda",Bihar,Deemed to be University
10117,Indian Agricultural Research Institute New Delhi,Delhi,Deemed to be University
10119,"Indian Law Institute, Bhagwandas Road, New Delhi",Delhi,Deemed to be University
10132,Jamia Hamdard,Delhi,Deemed to be University
10141,"Rashtriya Sanskrit Sansthan, New Delhi",Delhi,Deemed to be University
10138,"TERI School of Advanced Studies, New Delhi",Delhi,Deemed to be University
10153,"Gujarat Vidyapith, Ahmedabad",Gujarat,Deemed to be University
12180,"National Rail and Transportation Institute (NRTI), Vadodara",Gujarat,Deemed to be University
10208,"Lingaya's University, Faridabad",Haryana,Deemed to be University
10227,"National Dairy  Research Institute, Karnal",Haryana,Deemed to be University
10287,"Birla Institute of Technology, Ranchi",Jharkhand,Deemed to be University
10301,"Christ University, Bangalore",Karnataka,Deemed to be University
10304,"Indian Institute of Science, Bangalore",Karnataka,Deemed to be University
10341,"JSS Academy of Higher Education & Research, Mysuru",Karnataka,Deemed to be University
10351,"Manipal Academy of Higher Education, Manipal",Karnataka,Deemed to be University
10329,"NITTE University, Mangalore",Karnataka,Deemed to be University
10340,"Sri Devraj Urs Acaedmy of Highehr Education and Research, Kolar",Karnataka,Deemed to be University
10318,"Swami Vivekananda Yoga Anusandhana Samsthan, Bangalore",Karnataka,Deemed to be University
10365,"Indian Institute of Space Science and Technology, Thiruvananthapuram",Kerala,Deemed to be University
10395,"Lakshmibai National Institute of Physical Education, Gwalior",Madhya Pradesh,Deemed to be University
10426,"D.Y. Patil Educational Society , Kolhapur",Maharashtra,Deemed to be University
10439,"Datta Meghe Institute of Medical Sciences, Wardha",Maharashtra,Deemed to be University
10452,"Dr. D .Y. Patil Vidyapeeth, Pune",Maharashtra,Deemed to be University
10460,"MGM Institute of Health Sciences, Navi  Mumbai",Maharashtra,Deemed to be University
10435,"Narsee Monjee Institute of Management Studies, Mumbai",Maharashtra,Deemed to be University
10437,"Tata Institute of Fundamental Research, Mumbai",Maharashtra,Deemed to be University
10500,Siksha 'O' Anusandhan University,Odisha,Deemed to be University
10515,Sri Balaji Vidyapeeth,Puducherry,Deemed to be University
10557,"Institute of Advanced Studies in Education, Churu",Rajasthan,Deemed to be University
10604,"Jain Vishva Bharati Institute, Ladnun",Rajasthan,Deemed to be University
10571,"LNM Institute of Information Technology, Jaipur",Rajasthan,Deemed to be University
10637,"Amrita Vishwa Vidyapeetham, Coimbatore",Tamil Nadu,Deemed to be University
10647,Bharath Institute of Higher Education & Research,Tamil Nadu,Deemed to be University
10644,"Gandhigram Rural Institute, Dindigul",Tamil Nadu,Deemed to be University
10650,"Hindustan Institute of Technology and Science, Kancheepuram",Tamil Nadu,Deemed to be University
10682,"Kalasalingam Academy of Research and Higher Education, Srivilliputhrur",Tamil Nadu,Deemed to be University
10640,Karpagam Academy of higher Education,Tamil Nadu,Deemed to be University
10632,Meenakshi Academy of Higher Education and Research,Tamil Nadu,Deemed to be University
10658,Noorul Islam Centre for Higher Education,Tamil Nadu,Deemed to be University
10653,"Sathyabama Institute of Science & Technology, Chennai",Tamil Nadu,Deemed to be University
10666,"Shanmugha Arts, Science, Technology & Research Academy (SASTRA),Thanjavur",Tamil Nadu,Deemed to be University
10654,"Sri Chandrasekharendra Saraswathi Vishwa Mahavidyalaya,Kancheepuram",Tamil Nadu,Deemed to be University
10670,"Sri Ramachandra Medical College and Research Institute, Chennai",Tamil Nadu,Deemed to be University
10673,"Vel Tech Rangarajan Dr. Sagunthala R & D Institute of Science &Technology, Chennai",Tamil Nadu,Deemed to be University
10681,"Vellore Institute of Technology, Vellore",Tamil Nadu,Deemed to be University
10662,"Vinayaka Missions Research Foundation, Salem",Tamil Nadu,Deemed to be University
10698,"International Institute of Information Technology, Hyderabad",Telangana,Deemed to be University
10779,"Central Institute of Higher Tibetan Studies, Varanasi",Uttar Pradesh,Deemed to be University
10712,"Dayalbagh Educational Institute, Agra",Uttar Pradesh,Deemed to be University
10735,"Jaypee Institute of Information Technology, Noida",Uttar Pradesh,Deemed to be University
10740,"Santosh University, Ghaziabad",Uttar Pradesh,Deemed to be University
10769,"Shobit Institute of Engineering & Technology, Meerut",Uttar Pradesh,Deemed to be University
11075,Alwar School of Business and Computers,Andhra Pradesh,Other institutions -PGDM Institutes
11301,Ambedkar Institute of Management Studies,Andhra Pradesh,Other institutions -PGDM Institutes
11316,Centre for Management and Technology,Andhra Pradesh,Other institutions -PGDM Institutes
30019,Emerald’s Advanced Institute Of Management Studies(EAIMS),Andhra Pradesh,Other institutions -PGDM Institutes
11308,Integral Institute of Advanced Management,Andhra Pradesh,Other institutions -PGDM Institutes
12106,International School of Management Patna,Bihar,Other institutions -PGDM Institutes
11284,Prism School of Business and Entrepreneurship,Chhatisgarh,Other institutions -PGDM Institutes
30077,"All India Management Association, New Delhi",Delhi,Other institutions -PGDM Institutes
11319,Apeejay School of Management,Delhi,Other institutions -PGDM Institutes
11306,Asia-Pacific Institute of Management,Delhi,Other institutions -PGDM Institutes
30115,Bharatiya Vidya Bhavan's Usha & Lakshmi Mittal Institute of Management,Delhi,Other institutions -PGDM Institutes
11311,"Entrepreneurship & Management Processes International, New Delhi",Delhi,Other institutions -PGDM Institutes
11312,Fore School of Management,Delhi,Other institutions -PGDM Institutes
30083,"Fostiima Business School, Dwarka",Delhi,Other institutions -PGDM Institutes
12066,IILM Institute For Higher Education,Delhi,Other institutions -PGDM Institutes
11317,International Institute of Health Management Research,Delhi,Other institutions -PGDM Institutes
11323,"International Management Centre, New Delhi",Delhi,Other institutions -PGDM Institutes
30052,"International Management Institute, New Delhi",Delhi,Other institutions -PGDM Institutes
30038,"Jagan Institute of Management Studies, New Delhi",Delhi,Other institutions -PGDM Institutes
11318,Jagannath International Management School,Delhi,Other institutions -PGDM Institutes
30053,Management Education & Research Institute,Delhi,Other institutions -PGDM Institutes
11322,New Delhi Institute of Management,Delhi,Other institutions -PGDM Institutes
11326,Sri Sharada Institute of Indian Management - Research,Delhi,Other institutions -PGDM Institutes
10977,Adani Institute of Infrastructure Management,Gujarat,Other institutions -PGDM Institutes
11332,Entrepreneurship Development Institute of India,Gujarat,Other institutions -PGDM Institutes
12096,"MICA, Shela Ahmedabad",Gujarat,Other institutions -PGDM Institutes
10765,Narayana Business School,Gujarat,Other institutions -PGDM Institutes
30069,Som-Lalit Institute Of Management Studies(Slims),Gujarat,Other institutions -PGDM Institutes
11398,"St. Kabir Institute of Professional Studies, Gujarat,",Gujarat,Other institutions -PGDM Institutes
12006,Udaybhansinhji Regional Institute of Cooperative Management,Gujarat,Other institutions -PGDM Institutes
12065,"IILM Institute for Business and Management, Gurgaon",Haryana,Other institutions -PGDM Institutes
12009,Indraprasth Institute of Management,Haryana,Other institutions -PGDM Institutes
11462,Indus School of Business Management,Haryana,Other institutions -PGDM Institutes
12135,JK Business School,Haryana,Other institutions -PGDM Institutes
30139,JK Institute of Management and Technology,Haryana,Other institutions -PGDM Institutes
12023,"Management Development Institue (MDI), Gurgaon",Haryana,Other institutions -PGDM Institutes
30058,"Ramanujan College of Management, Palwal",Haryana,Other institutions -PGDM Institutes
12029,Regional Institute of Management,Haryana,Other institutions -PGDM Institutes
30125,SOIL School of Business Design,Haryana,Other institutions -PGDM Institutes
30142,Himalayan Institute of Management,Himachal Pradesh,Other institutions -PGDM Institutes
10981,Jain Institute of Management and  Entrepreneurship,Jharkhand,Other institutions -PGDM Institutes
12043,Xavier Institute of Social Service,Jharkhand,Other institutions -PGDM Institutes
12046,"Acharya School of Management, Bangalore",Karnataka,Other institutions -PGDM Institutes
30149,"Hal Management Academy,Bengaluru",Karnataka,Other institutions -PGDM Institutes
12062,"IFIM Business School,Bangalore",Karnataka,Other institutions -PGDM Institutes
12097,"Indian Institute of Plantation Management, Bengaluru",Karnataka,Other institutions -PGDM Institutes
12060,Indus Business Academy,Karnataka,Other institutions -PGDM Institutes
12158,Institute of Health Management Research Bangalore,Karnataka,Other institutions -PGDM Institutes
12123,International Institute of Business Studies,Karnataka,Other institutions -PGDM Institutes
12080,Kirloskar Institute of Advanced Management Studies,Karnataka,Other institutions -PGDM Institutes
30140,Krupanidhi Group of Institutions,Karnataka,Other institutions -PGDM Institutes
30122,Lorven St Xavier'S College,Karnataka,Other institutions -PGDM Institutes
12088,M S Ramaiah Institute of Management,Karnataka,Other institutions -PGDM Institutes
12092,Myra School of Business,Karnataka,Other institutions -PGDM Institutes
30111,"NSB Academy, Bangalore",Karnataka,Other institutions -PGDM Institutes
30087,"Patel Institute of Science & Management, Bangalore",Karnataka,Other institutions -PGDM Institutes
10992,"Prin. L. N. Welingkar Institute of Management Development and Research,Bangalore",Karnataka,Other institutions -PGDM Institutes
10997,"SDM Institute for Management Development, Mysore",Karnataka,Other institutions -PGDM Institutes
10998,St. Joseph's Institute of Management,Karnataka,Other institutions -PGDM Institutes
10999,T.A.Pai Management Institute Manipal,Karnataka,Other institutions -PGDM Institutes
30048,"Anant Institute of Business Studies, Ashoknagar",Madhya Pradesh,Other institutions -PGDM Institutes
30129,Asian Institute of Professional Studies,Madhya Pradesh,Other institutions -PGDM Institutes
30106,"IMI Business School, Indore",Madhya Pradesh,Other institutions -PGDM Institutes
30128,Imperial Institute of Management,Madhya Pradesh,Other institutions -PGDM Institutes
11055,"Indore Management Institute and Research Centre, Indore",Madhya Pradesh,Other institutions -PGDM Institutes
12173,"Jain College, Gwalior",Madhya Pradesh,Other institutions -PGDM Institutes
12161,"Lal Bahadur Shastri Institute of Technology and Management, Indore",Madhya Pradesh,Other institutions -PGDM Institutes
30116,Malwa Institute Of Management,Madhya Pradesh,Other institutions -PGDM Institutes
30089,"Peace College, Gwalior",Madhya Pradesh,Other institutions -PGDM Institutes
30093,"Preston College, Gwalior",Madhya Pradesh,Other institutions -PGDM Institutes
30110,"Sapient Institute of Management Studies, Indore, MP",Madhya Pradesh,Other institutions -PGDM Institutes
30126,SKS Institute of business Studies,Madhya Pradesh,Other institutions -PGDM Institutes
30086,"Veena Vadini College of Management, Gwalior",Madhya Pradesh,Other institutions -PGDM Institutes
30074,"Aditya Institute of Management Studies & Research, Mumbai",Maharashtra,Other institutions -PGDM Institutes
30023,"ASM's Institute of Business Management & Research (PGDM), Pune",Maharashtra,Other institutions -PGDM Institutes
30146,Atharva Institute Of Management Studies,Maharashtra,Other institutions -PGDM Institutes
11070,Audyogik Shikshan mandal institute of Business management and research,Maharashtra,Other institutions -PGDM Institutes
12174,Bharati Vidyapeeth's Institute of Management Studies & Research,Maharashtra,Other institutions -PGDM Institutes
12072,"Bunts Sangha'S Uma Krishna Shetty Institute of Management Studies andResearch",Maharashtra,Other institutions -PGDM Institutes
12101,"Christ Institute of Management, Lavasa",Maharashtra,Other institutions -PGDM Institutes
30123,D. Y. Patil Institute of Master of Computer Applications And Management,Maharashtra,Other institutions -PGDM Institutes
12098,D.E.Society's Institute of Management Development and Research(IMDR),Maharashtra,Other institutions -PGDM Institutes
11004,"Dr.V.N.Bedekar Institute of Management Studies, Thane",Maharashtra,Other institutions -PGDM Institutes
30152,G N V S Institute of Management,Maharashtra,Other institutions -PGDM Institutes
11331,Goa Institute of Management,Maharashtra,Other institutions -PGDM Institutes
11080,Gurunanak Institute of Management Studies,Maharashtra,Other institutions -PGDM Institutes
30121,Humera Khan Institute of Management Studies & Research,Maharashtra,Other institutions -PGDM Institutes
30015,Indian Institute of Materials Management (IIMM),Maharashtra,Other institutions -PGDM Institutes
12115,Indira Institute of Management,Maharashtra,Other institutions -PGDM Institutes
11083,Indira School of Business Studies,Maharashtra,Other institutions -PGDM Institutes
11086,"Institute for Technology and Management, Mumbai",Maharashtra,Other institutions -PGDM Institutes
30113,Institute of Management & Computer Studies(IMCOST),Maharashtra,Other institutions -PGDM Institutes
30109,"Institute of Management Technology, Nagpur",Maharashtra,Other institutions -PGDM Institutes
11088,"International Institute of Management and Human Resource Development(W)",Maharashtra,Other institutions -PGDM Institutes
11090,International Institute of Management Studies,Maharashtra,Other institutions -PGDM Institutes
11091,International School of Business and Media,Maharashtra,Other institutions -PGDM Institutes
30024,"International School of Management & Research , Pune",Maharashtra,Other institutions -PGDM Institutes
30150,Isdi School of Design And Innovation,Maharashtra,Other institutions -PGDM Institutes
30151,Isme School of Management And Entrepreneurship,Maharashtra,Other institutions -PGDM Institutes
30065,"Maratha Mandir’s Babasaheb Gawde Institute of ManagementStudies,Mumbai",Maharashtra,Other institutions -PGDM Institutes
11101,"MET's Institute of Computer Science, Bandra",Maharashtra,Other institutions -PGDM Institutes
11097,MILE-Management Institute For Leadership and Excellence,Maharashtra,Other institutions -PGDM Institutes
11072,Mitcon Institute Of Management,Maharashtra,Other institutions -PGDM Institutes
11108,N.L. Dalmia Institute of Management Studies & Research,Maharashtra,Other institutions -PGDM Institutes
30099,National Institute of Securities Markets,Maharashtra,Other institutions -PGDM Institutes
12082,"National Insurance Academy, Pune",Maharashtra,Other institutions -PGDM Institutes
11109,Oriental School of Business,Maharashtra,Other institutions -PGDM Institutes
30012,"Prin. L. N. Welingkar Institute of Management Development and Research,Mumbai",Maharashtra,Other institutions -PGDM Institutes
11120,Saibalaji International Intstitute of Management Sciences,Maharashtra,Other institutions -PGDM Institutes
30114,Sasmira's Institute of Management Studies & Research,Maharashtra,Other institutions -PGDM Institutes
30017,SMT.JAYSHREE SHARADCHANDRA KOTHARI BUSINESS SCHOOL,Maharashtra,Other institutions -PGDM Institutes
30018,ST. FRANCIS INSTITUTE OF MANAGEMENT AND RESEARCH,Maharashtra,Other institutions -PGDM Institutes
11131,Suryadatta Institute of Management and Mass Communication,Maharashtra,Other institutions -PGDM Institutes
30119,Terna Public Charitable Trust's Terna Engineering College,Maharashtra,Other institutions -PGDM Institutes
30120,Thakur Institute of Management Studies and Research,Maharashtra,Other institutions -PGDM Institutes
30040,Vivekanand Education Society Institute of Management,Maharashtra,Other institutions -PGDM Institutes
11137,Affinity Business School,Odisha,Other institutions -PGDM Institutes
11138,Asian School of Business Management,Odisha,Other institutions -PGDM Institutes
30029,Astral Institute of Management Studies,Odisha,Other institutions -PGDM Institutes
12083,"Bhavan'S Centre For Communication and Management, Kharvelanagar",Odisha,Other institutions -PGDM Institutes
12087,Innovation-The Business School,Odisha,Other institutions -PGDM Institutes
11038,Institute of Management and Information Science,Odisha,Other institutions -PGDM Institutes
11145,Krupajal Business School,Odisha,Other institutions -PGDM Institutes
30034,"Regional College of Management, Bhubaneshwar",Odisha,Other institutions -PGDM Institutes
30060,Sophitorium Management College,Odisha,Other institutions -PGDM Institutes
12167,Aryans Business School,Punjab,Other institutions -PGDM Institutes
11010,"Indian Institute of Management, Amritsar",Punjab,Other institutions -PGDM Institutes
11153,Ch. Charan Singh National Institute of Agricultural Marketing,Rajasthan,Other institutions -PGDM Institutes
11156,Institute of Rural Management,Rajasthan,Other institutions -PGDM Institutes
30127,Jagan Institute of Management Studies,Rajasthan,Other institutions -PGDM Institutes
12069,"Taxila Business School, Mansarovar",Rajasthan,Other institutions -PGDM Institutes
30100,"Vyas Institute of Management, Jodhpur",Rajasthan,Other institutions -PGDM Institutes
11169,Great Lakes Institute of Management,Tamil Nadu,Other institutions -PGDM Institutes
11179,Loyola Institute of Business Administration,Tamil Nadu,Other institutions -PGDM Institutes
30144,Madras School Of Economics,Tamil Nadu,Other institutions -PGDM Institutes
30054,Thiagarajar School Of Management,Tamil Nadu,Other institutions -PGDM Institutes
30134,Xavier Institute of Management & Entrepreneurship,Tamil Nadu,Other institutions -PGDM Institutes
12003,Administrative Staff College of India,Telangana,Other institutions -PGDM Institutes
30051,Carlton Business School,Telangana,Other institutions -PGDM Institutes
12030,Engineering Staff College of India,Telangana,Other institutions -PGDM Institutes
30056,Guru Nanak Institutions Technical Campus,Telangana,Other institutions -PGDM Institutes
12124,Institute Of Insurance and Risk Management,Telangana,Other institutions -PGDM Institutes
12076,Institute of Management Technology,Telangana,Other institutions -PGDM Institutes
12070,Institute of Public Enterprise,Telangana,Other institutions -PGDM Institutes
11198,Vignana Jyothi Institute of Management,Telangana,Other institutions -PGDM Institutes
11207,Vishwa Vishwani Institute of Systems and Mangement,Telangana,Other institutions -PGDM Institutes
30020,Woxsen School of Business,Telangana,Other institutions -PGDM Institutes
12004,Dhruva College of Management,Telangana,Other institutions -PGDM Institutes
11188,Accman Institute of Management,Uttar Pradesh,Other institutions -PGDM Institutes
30141,Accurate Institute of Management & Technology,Uttar Pradesh,Other institutions -PGDM Institutes
12071,"Asian Business Schooln,Noida",Uttar Pradesh,Other institutions -PGDM Institutes
30037,"Bhagwati Institute of Technology & Science, Ghaziabad",Uttar Pradesh,Other institutions -PGDM Institutes
30047,"Bhalchandra Institute of Education And Management,Lucknow",Uttar Pradesh,Other institutions -PGDM Institutes
11201,"Birla Institute of Management Technology, Greater Noida",Uttar Pradesh,Other institutions -PGDM Institutes
30042,"Central Institute of Management & Technology, Lucknow",Uttar Pradesh,Other institutions -PGDM Institutes
11206,Centre For Management Development,Uttar Pradesh,Other institutions -PGDM Institutes
12102,"Christ Institute of Management, Ghaziabad",Uttar Pradesh,Other institutions -PGDM Institutes
11208,C-MAT Business School,Uttar Pradesh,Other institutions -PGDM Institutes
11211,"College of Management Studies IILM, Academy Of Higher Learning",Uttar Pradesh,Other institutions -PGDM Institutes
11215,"Dr. Gaur Singhania Institute of Management and Research, Kanpur",Uttar Pradesh,Other institutions -PGDM Institutes
30036,Future Institute Of Management & Technology,Uttar Pradesh,Other institutions -PGDM Institutes
11219,G L Bajaj Institute of Management Studies,Uttar Pradesh,Other institutions -PGDM Institutes
30137,"Great Lakes Institute of Management, Gurgaon",Uttar Pradesh,Other institutions -PGDM Institutes
30138,"Great Lakes Institute of Management, NCR",Uttar Pradesh,Other institutions -PGDM Institutes
30070,Harlal Institute Of Management & Technology,Uttar Pradesh,Other institutions -PGDM Institutes
11227,I Business Institute,Uttar Pradesh,Other institutions -PGDM Institutes
11229,"IEM Institute of Business Management,Barabanki",Uttar Pradesh,Other institutions -PGDM Institutes
11230,IILM Academy of Higher Learning Lucknow,Uttar Pradesh,Other institutions -PGDM Institutes
11231,IILM Graduate School of Management,Uttar Pradesh,Other institutions -PGDM Institutes
11239,"Institute of Management Research and Technology, (IMRT), Lucknow",Uttar Pradesh,Other institutions -PGDM Institutes
11240,"Institute of Management Studies, Ghaziabad",Uttar Pradesh,Other institutions -PGDM Institutes
30091,"Institute of Management Studies, Noida,  UP",Uttar Pradesh,Other institutions -PGDM Institutes
11233,Institute of Management Technology Ghaziabad,Uttar Pradesh,Other institutions -PGDM Institutes
11241,"Institute of Productivity & Management,Meerut",Uttar Pradesh,Other institutions -PGDM Institutes
11242,Institute of Productivity and Management Ghaziabad,Uttar Pradesh,Other institutions -PGDM Institutes
30079,"Institute of Professional Excellence and Management, Ghaziabad",Uttar Pradesh,Other institutions -PGDM Institutes
30084,"Institute of Techology and Science, Ghaziabad",Uttar Pradesh,Other institutions -PGDM Institutes
30076,"Isabella Thoburn College, Professional Studies",Uttar Pradesh,Other institutions -PGDM Institutes
30133,ITM School of Management,Uttar Pradesh,Other institutions -PGDM Institutes
30025,Jagran Institute of Management,Uttar Pradesh,Other institutions -PGDM Institutes
11251,Jaipuria Institute of Management - Lucknow,Uttar Pradesh,Other institutions -PGDM Institutes
11172,"Jaipuria Institute of Management, Noida",Uttar Pradesh,Other institutions -PGDM Institutes
11250,"Jaipuria School of Business, Gaziabad",Uttar Pradesh,Other institutions -PGDM Institutes
30108,"JMS Group of Institutions, Hapur",Uttar Pradesh,Other institutions -PGDM Institutes
11178,Lal Bahadur Shastri Institute of Management and Technology,Uttar Pradesh,Other institutions -PGDM Institutes
30044,Noida Institute Of Engineering And Technology (Mca Institute),Uttar Pradesh,Other institutions -PGDM Institutes
11183,Northern Institute for Integrated Learning in Management(NIILM),Uttar Pradesh,Other institutions -PGDM Institutes
30039,"NTPC School of Business, Noida",Uttar Pradesh,Other institutions -PGDM Institutes
30130,R S D Academy (Girls Degree College),Uttar Pradesh,Other institutions -PGDM Institutes
30131,"Rameshwaram Institute of Technology & Management, Lucknow",Uttar Pradesh,Other institutions -PGDM Institutes
30132,RSD Academy (College of Management & Technology),Uttar Pradesh,Other institutions -PGDM Institutes
30082,"Shri Ram Murti Smarak International Business School, Unnao",Uttar Pradesh,Other institutions -PGDM Institutes
30143,Sitapur Shiksha Sansthan Group Of Institutions,Uttar Pradesh,Other institutions -PGDM Institutes
10964,"Sri Sharda Institute of Management and Technology, Lucknow",Uttar Pradesh,Other institutions -PGDM Institutes
30075,Uttam Institute of Management studies Agra,Uttar Pradesh,Other institutions -PGDM Institutes
11290,Vidya International School of Business,Uttar Pradesh,Other institutions -PGDM Institutes
11296,Doon Business School,Uttarakhand,Other institutions -PGDM Institutes
30105,Institute of Management Education & Consultancy,Uttarakhand,Other institutions -PGDM Institutes
30145,Phonics Group Of Institutions,Uttarakhand,Other institutions -PGDM Institutes
11298,Calcutta Business School,West Bengal,Other institutions -PGDM Institutes
12090,Globsyn Business School,West Bengal,Other institutions -PGDM Institutes
30035,IMS Business School,West Bengal,Other institutions -PGDM Institutes
11299,Indian Institute of Social Weflfare & Business Management,West Bengal,Other institutions -PGDM Institutes
30027,Institute of Engineering & Management,West Bengal,Other institutions -PGDM Institutes
30028,Management Development Institute Murshidabad,West Bengal,Other institutions -PGDM Institutes
30031,Praxis Business School,West Bengal,Other institutions -PGDM Institutes
10035,Apex Professional University,Arunachal Pradesh,Private University
10036,Arunachal University of Studies,Arunachal Pradesh,Private University
10037,"Indira Gandhi Technological and Medical Sciences University, Ziro",Arunachal Pradesh,Private University
10093,"Dr. C. V. Raman University, Kota Bilaspur",Chhatisgarh,Private University
10919,ISBM University,Chhatisgarh,Private University
10110,"MATS University, Raipur",Chhatisgarh,Private University
10107,ITM UNIVERSITY,Chhattisgarh,Private University
10213,Ansal University,Delhi,Private University
10933,Anant National University,Gujarat,Private University
30085,"Atmiya University, Rajkot",Gujarat,Private University
10195,"C.U. Shah University, Surendranagar",Gujarat,Private University
10161,"Charotar University of Science & Technology,  Anand",Gujarat,Private University
30153,"Indrashil University, Rajpur",Gujarat,Private University
10171,Indus University,Gujarat,Private University
10935,Karnavati University,Gujarat,Private University
10156,"Lakulish Yoga University, Ahmedabad",Gujarat,Private University
10404,"Maharishi Mahesh Yogi Vedic Vishwavidyalaya, Jabalpur",Gujarat,Private University
10936,Marwadi University,Gujarat,Private University
10157,"Nirma University, Ahmedabad",Gujarat,Private University
10189,"R. K. University, Rajkot",Gujarat,Private University
30092,"Swarnim Startup & Innovation University, Gandhinagar",Gujarat,Private University
10203,"Team Lease Skills University Vadodara, Gujarat",Gujarat,Private University
10212,Amity University Haryana,Haryana,Private University
10214,"Apeejay Stya University, Gurgaon",Haryana,Private University
30066,IILM University,Haryana,Private University
10224,"Jagan Nath Univerity, Haryana",Haryana,Private University
10231,"M V N University, Palwal",Haryana,Private University
30148,"Om Sterling Global University,Haryana",Haryana,Private University
10243,"SRM University, Delhi-NCR,Sonepat",Haryana,Private University
30045,World University of Design,Haryana,Private University
10251,"Abhilashi University, Mandi",Himachal Pradesh,Private University
10247,Arni University,Himachal Pradesh,Private University
10256,Baddi University of Emerging Sciences & Technology,Himachal Pradesh,Private University
10244,"Career Point University, Hamirpur",Himachal Pradesh,Private University
10258,"Chitkara University, Himachal Pradesh",Himachal Pradesh,Private University
10255,"Eternal University, Baru Sahib Sirmour",Himachal Pradesh,Private University
10268,"Indus International University, Bathu, Una",Himachal Pradesh,Private University
10262,"Jaypee University of Information Technology, Solan",Himachal Pradesh,Private University
10727,"Jaypee University, Anoopshahr",Himachal Pradesh,Private University
10264,"Maharishi Markendehwar University, Solan",Himachal Pradesh,Private University
10266,"Shoolini University of Bio Technology and Management Sciences, Oachghat,Solan",Himachal Pradesh,Private University
30043,Arka Jain University,Jharkhand,Private University
10291,Jharkhand Rai University,Jharkhand,Private University
30078,Sarala Birla University,Jharkhand,Private University
10299,Alliance University. Bangalore,Karnataka,Private University
10952,Garden City University,Karnataka,Private University
10955,KLE Technological University,Karnataka,Private University
10310,"PES University, Bangalore",Karnataka,Private University
10957,"Srinivas University, Mangaluru",Karnataka,Private University
30068,Sharnbasva University,Karnataka,Private University
10391,"Amity University, Gwalior",Madhya Pradesh,Private University
30088,"Bhabha University, Bhopal",Madhya Pradesh,Private University
10922,"Dr. A.P.J. Abdul Kalam University, Indore",Madhya Pradesh,Private University
10378,"Jagran Lakecity University, Bhopal",Madhya Pradesh,Private University
10390,"Jaypee University of Engineering and Technology, Guna",Madhya Pradesh,Private University
30104,Madhyanchal Professional University,Madhya Pradesh,Private University
10926,Malwanchal University,Madhya Pradesh,Private University
10402,"Oriental University, Indore",Madhya Pradesh,Private University
10384,Peoples University,Madhya Pradesh,Private University
10386,RKDF University,Madhya Pradesh,Private University
30124,"Sardar Patel University, Balaghat",Madhya Pradesh,Private University
10387,"Sarvepalli Radhakrishan University, Bhopal",Madhya Pradesh,Private University
10931,Shri Vaishnav Vidyapeeth Vishwavidyalaya,Madhya Pradesh,Private University
10942,"Dr Vishwanath Karad MIT World Peace University, Pune",Maharashtra,Private University
30102,Manipur International University,Manipur,Private University
10479,University of Science and Technology,Meghalaya,Private University
10485,"The Global Open University Nagaland, Dimapur",Nagaland,Private University
10913,Birla Global University,Odisha,Private University
10492,Centurion University of Technology and Management,Odisha,Private University
30135,"Gandhi Institute of Engineering & Technology University, Gunupur",Odisha,Private University
10506,"Xavier University, Bhubaneswar",Odisha,Private University
10517,Adesh University,Punjab,Private University
10855,C.T. University,Punjab,Private University
10538,Chandigarh University,Punjab,Private University
10533,"Chitkara University, Punjab",Punjab,Private University
10526,DAV University,Punjab,Private University
10528,GNA University,Punjab,Private University
10858,RIMT University,Punjab,Private University
10560,"Amity University, Jaipur",Rajasthan,Private University
30049,Bhartiya Skill Development University,Rajasthan,Private University
30117,"Bikaner Technical University, Bikaner",Rajasthan,Private University
10612,Geetanjali University,Rajasthan,Private University
10569,J. K. Lakshmipat University,Rajasthan,Private University
12116,"Jayoti Vidyapeeth Women's University, Jaipur",Rajasthan,Private University
10568,JECRC University,Rajasthan,Private University
30156,"Lords University, Alwar",Rajasthan,Private University
10875,"R.N.B. Global University,Bikaner",Rajasthan,Private University
10551,"Sangam University, Bhilwara",Rajasthan,Private University
10588,"Shri Jagdish Prasad Jhabarmal Tibrewala University, Jhunjhunu",Rajasthan,Private University
10589,"Singhania University, Jhunjhunu",Rajasthan,Private University
10617,"Sir Padampat Singhania University, Udaipur",Rajasthan,Private University
10584,University of Engineering and Management,Rajasthan,Private University
10619,"Sikkim Manipal University, Gangtok",Sikkim,Private University
10238,Ashoka University,Uttar Pradesh,Private University
10881,"Bennett University, Noida",Uttar Pradesh,Private University
10882,Era University,Uttar Pradesh,Private University
10733,Galgotias University,Uttar Pradesh,Private University
10764,"GLA University, Mathura",Uttar Pradesh,Private University
10756,"Integral University, Lucknow",Uttar Pradesh,Private University
10731,"J.S. University, Shikohabad",Uttar Pradesh,Private University
10715,"Mangalayatan University, Aligarh",Uttar Pradesh,Private University
10774,"Mohammad Ali Jauhar University, Rampur",Uttar Pradesh,Private University
10736,Noida International University,Uttar Pradesh,Private University
10889,"Sanskriti University, Mathura",Uttar Pradesh,Private University
10737,"Sharda University, Gautam Budh Nagar",Uttar Pradesh,Private University
10776,"Shobhit University, Gangoh",Uttar Pradesh,Private University
10745,"Sri Venkateshwara University, Gajraula, J.P Nagar",Uttar Pradesh,Private University
30055,"Bhagwant Global University, Kotdwar",Uttarakhand,Private University
10784,"Dehradun Institute of Technology University, Dehradun",Uttarakhand,Private University
10790,"Himgiri Zee University, Dehradun",Uttarakhand,Private University
10791,IMS Unison University,Uttarakhand,Private University
12190,"Quantum University, Mandawar",Uttarakhand,Private University
10792,"The ICFAI University, Dehradun",Uttarakhand,Private University
10805,"University of Patanjali, Haridwar",Uttarakhand,Private University
10839,"Amity University, Kolkata",West Bengal,Private University
10815,Seacom Skills University,West Bengal,Private University
10903,St. Xavier's University,West Bengal,Private University
10905,The Neotia University,West Bengal,Private University
30061,"Government Polytechnic, Kolhapur",Maharashtra,Standalone institute - Technical/Polytechnic
30046,"Government Polytechnic, Nashik",Maharashtra,Standalone institute - Technical/Polytechnic
30071,"St. Xavier's Technical Institute, Mumbai",Maharashtra,Standalone institute - Technical/Polytechnic
10017,Acharya Nagarjuna University,Andhra Pradesh,State University
10028,"Andhra University, Visakhapatnam",Andhra Pradesh,State University
10001,"Jawaharlal Nehru Technological University, Anantapur",Andhra Pradesh,State University
10016,"Jawaharlal Nehru Technological University, Kakinada",Andhra Pradesh,State University
10022,Krishna University,Andhra Pradesh,State University
10025,Rayalaseema University: Kurnool,Andhra Pradesh,State University
10009,"Sri Padmavathi Mahila Visva Vidyalayam, Tirupathi",Andhra Pradesh,State University
10010,"Sri Venkateswara Institute of Medical Sciences, Tirupathi",Andhra Pradesh,State University
10011,"Sri Venkateswara University, Tirupathy",Andhra Pradesh,State University
10013,"Sri Venkateswara Veterinary University, Tirupathi",Andhra Pradesh,State University
10034,"Yogi Vemana University, Kadapa",Andhra Pradesh,State University
10047,"Assam Agricultural University, Jorhat",Assam,State University
10055,Assam Science and Technology University,Assam,State University
10048,Assam Women's University,Assam,State University
10060,Bodoland University,Assam,State University
10051,"Gauhati University, Guwahati",Assam,State University
10053,"Krishna Kanta Hanidiqui State Open University, Guwahati",Assam,State University
10058,National Law University and Judicial Academy,Assam,State University
10059,"Srimanta Sankaradeva University of Health Sciences, Guwahati",Assam,State University
10072,"Babasaheb Bhimrao Ambedkar Bihar University, Muzaffarpur",Bihar,State University
10071,"Bhupendra Narayan Mandal University, Madhepura",Bihar,State University
10078,Chanakya National Law University,Bihar,State University
10069,"Lalit Narayan Mithila University, Darbhanga",Bihar,State University
10070,"Magadh University, Bodh Gaya",Bihar,State University
10081,"Maulana Mazharul Haque Arabic & Persian University, Patna",Bihar,State University
10082,"Nalanda Open University, Patna",Bihar,State University
10084,"Patna University, Patna",Bihar,State University
10066,T.M.Bhagalpur University,Bihar,State University
10067,"Veer Kunwar Singh University, Arrah",Bihar,State University
10088,"Panjab University,Chandigarh",Chandigarh,State University
10104,"Ayush and Health Science University of Chattisgarh, Raipur (Pt. DeendayalUpadhyay Memorial health science and ayush University of chattisgarh)",Chhatisgarh,State University
10092,Bilaspur Vishwavidyala,Chhatisgarh,State University
10097,Chhattisgarh Kamdhenu Vishwavidalaya,Chhatisgarh,State University
10105,"Hidayatullah National Law University, Raipur",Chhatisgarh,State University
10106,"Indira Gandhi Krishi Vishwavidyalaya, Raipur",Chhatisgarh,State University
10113,"Indira Kala Sangit Vishwavidyalaya, Khairagarh",Chhatisgarh,State University
10109,"Kushabhau Thakre Patrakarita Avam Jansanchar Vishwavidyalaya, Raipur",Chhatisgarh,State University
10112,"Pt. Ravishankar Shukla University, Raipur",Chhatisgarh,State University
10096,Pt. Sundarlal Sharma (Open) University,Chhatisgarh,State University
10114,"Sarguja University, Ambikapur",Chhatisgarh,State University
10865,Delhi Pharmaceutical Sciences And Research University,Delhi,State University
10130,"Indraprastha Institute of Information Technology, Delhi",Delhi,State University
10142,"Goa University, Goa",Goa,State University
10160,"Anand Agricultural University, Anand",Gujarat,State University
10178,"Bhakta Kavi Narsinh Mehta University, Junagadh",Gujarat,State University
10151,"Gujarat University, Ahmedabad",Gujarat,State University
10170,"Indian Institute of Teacher Education, Gandhinagar",Gujarat,State University
10155,Institute of Infrastructure Technology Research and Management,Gujarat,State University
10179,Junagadh Agricultural University,Gujarat,State University
10174,"Kamdhenu University, Gandhinagar",Gujarat,State University
10181,"Krantiguru Shyamji Krishna Verma Kachchh University, Kachchh",Gujarat,State University
10164,Maharaja Krishnakumarsinhji Bhavnagar University,Gujarat,State University
10185,Navsari Agricultural University,Gujarat,State University
10159,"Rakshashakti University, Gujarat",Gujarat,State University
10162,"Sardar Patel University, Vallabh Vidyanagar",Gujarat,State University
10163,"Sardarkrushinagar Dantiwada Agricultural University, Banaskantha",Gujarat,State University
10190,"Saurashtra University, Rajkot",Gujarat,State University
10176,Swarnim Gujarat Sports University,Gujarat,State University
10194,Veer Narmad South Gujarat University,Gujarat,State University
10237,"Ch. Devi Lal University, Sirsa",Haryana,State University
10225,"Chaudhary Ranbir Singh University, Jind",Haryana,State University
10240,Deenbandhu Chhotu Ram University of Science and Technology,Haryana,State University
30147,"Gurugram University, Haryana",Haryana,State University
10232,"Indira Gandhi University, Meerpur",Haryana,State University
10228,"Kurukshetra University, Kurukshetra",Haryana,State University
10234,"Maharshi Dayanand University, Rohtak",Haryana,State University
10249,"Chaudhary Sarwan Kumar Himachal Pardesh Krishi Vishvavidyalaya,Palampur",Himachal Pradesh,State University
10259,"Dr. Y.S. Parmar University of Horticulture and Forestry, Solan",Himachal Pradesh,State University
10245,"Himachal Pradesh Technical University, Hamirpur",Himachal Pradesh,State University
10272,"Baba Ghulam Shah Badshah University,  Jammu",Jammu and Kashmir,State University
10852,Cluster University of Jammu,Jammu and Kashmir,State University
10853,"Cluster University, Srinagar",Jammu and Kashmir,State University
10271,"Islamic University of Science & Technology, Pulwama",Jammu and Kashmir,State University
10269,"Sher-e-Kashmir University of Agricultural Science & Technology, Jammu",Jammu and Kashmir,State University
10288,"Birsa Agricultural University, Ranchi",Jharkhand,State University
30136,"Dr. Shyama Prasad Mukherjee University, Ranchi, Jharkhand",Jharkhand,State University
10910,"Jharkhand Raksha Shakti University, Ranchi",Jharkhand,State University
10286,"Kolhan University,  West Singhbhum",Jharkhand,State University
10293,"National University of Study & Research in Law, Ranchi",Jharkhand,State University
10285,"Nilamber-Pitamber University, Palamu",Jharkhand,State University
10294,"Ranchi University, Ranchi",Jharkhand,State University
10282,"Sido Kanhu Murmu University, Dumka",Jharkhand,State University
30008,Bangalore Central University,Karnataka,State University
10300,Bangalore University,Karnataka,State University
10338,"Gulbarga University, Gulbarga",Karnataka,State University
10322,"Kannada University, Hampi, Kamalapura",Karnataka,State University
10334,"Karnatak University, Dharwad",Karnataka,State University
10343,"Karnataka State Open University, Mysore",Karnataka,State University
10327,"Mangalore University, Mangalore",Karnataka,State University
10320,"Rani Channamma University, Belagavi",Karnataka,State University
10350,"Tumkur University, Tumkur",Karnataka,State University
10336,"University  of Agricultural Sciences, Dharwad",Karnataka,State University
10345,"University  of Agricultural Sciences, Raichur",Karnataka,State University
10344,University of Mysore,Karnataka,State University
10363,A P J Abdul Kalam Technological University,Kerala,State University
10352,"Cochin University of Science & Technology, Kochi",Kerala,State University
10356,"Kannur University, Kannur",Kerala,State University
10353,"Kerala University of Fisheries & Ocean Studies, Kochi",Kerala,State University
10359,"Mahatma Gandhi University, Kottayam",Kerala,State University
10354,"National University of Advanced Legal Studies, Kochi",Kerala,State University
10355,"Shree Sankaracharya Univeristy of Sanskrit, Kalady",Kerala,State University
10361,University of Calicut,Kerala,State University
10366,"University of Kerala, Thiruvananthapuram",Kerala,State University
10409,"Awadhesh Pratap Singh University, Rewa",Madhya Pradesh,State University
10398,Devi Ahilya Vishwavidyalaya,Madhya Pradesh,State University
30154,"Dharmashastra National Law University, Jabalpur",Madhya Pradesh,State University
10923,Dr. B.R. Ambedkar University of Social Sciences,Madhya Pradesh,State University
10413,"Mahatama Gandhi Gramodaya Vishwavidyalaya, Chitrakoot, Satna",Madhya Pradesh,State University
10380,"Makhanlal Chaturvedi National University of Journalism andCommunication, Bhopal",Madhya Pradesh,State University
10382,M.P. Bhoj (Open) University,Madhya Pradesh,State University
10405,"Nanaji Deshmukh Pashu Chikitsa Vigyan Vishwavidalaya, Jabalpur",Madhya Pradesh,State University
10396,"Raja Mansingh  Tomar Music & Arts University, Gwalior",Madhya Pradesh,State University
10930,"Sanchi University of Buddhist-Indic Studies, Bhopal",Madhya Pradesh,State University
10423,"Dr. Babasaheb Ambedkar Marathwada University, Aurangabad",Maharashtra,State University
10425,"North Maharashtra University, Jalgaon",Maharashtra,State University
10443,Rashtrasant Tukadoji Maharaj Nagpur University,Maharashtra,State University
10434,University Of Mumbai,Maharashtra,State University
10447,Yashwant Rao Chavan Maharashtra Open University,Maharashtra,State University
30101,Dhanamanjuri University,Manipur,State University
10493,"Berhampur University, Berhampur",Odisha,State University
10489,"National Law University, Cuttuck",Odisha,State University
30016,Odisha State Open University,Odisha,State University
10498,"Orissa University of Agriculture &  Technology, Bhubaneswar",Odisha,State University
10917,Rama Devi Women's University,Odisha,State University
10501,"Utkal University, Bhubaneswar",Odisha,State University
10516,"Guru Nanak Dev University, Amritsar",Punjab,State University
10592,"Dr. Sarvepalli Radhakrishnan Rajasthan Ayurved University, Jodhpur",Rajasthan,State University
10869,Govind Guru Tribal University,Rajasthan,State University
10594,"Jai Narain Vyas University, Jodhpur",Rajasthan,State University
10552,"Maharaja Ganga Singh University, Bikaner",Rajasthan,State University
10613,"Maharana Pratap University of Agriculture & Technology, Udaipur",Rajasthan,State University
10545,"Maharishi Dayanand Saraswati University, Ajmer",Rajasthan,State University
10614,"Mohan Lal Sukhadia University, Uaipur",Rajasthan,State University
10580,"Rajasthan University, Jaipur",Rajasthan,State University
10601,"University of Kota, Kota",Rajasthan,State University
10603,"Vardhman Mahaveer Open University, Kota",Rajasthan,State University
30095,Sikkim State University,Sikkim,State University
10663,Alagappa University,Tamil Nadu,State University
10626,Anna University,Tamil Nadu,State University
10643,"Annamalai University, Annamalainagar",Tamil Nadu,State University
10639,"Bharathiar University, Coimbatore",Tamil Nadu,State University
10675,"Bharathidasan University, Tiruchirappalli",Tamil Nadu,State University
10679,"Manonmaniam Sundaranar University, Tirunelveli",Tamil Nadu,State University
10645,"Mother Teresa Women's University, Kodaikanal",Tamil Nadu,State University
10661,Periyar University,Tamil Nadu,State University
10634,"Tamil Nadu Dr. M.G.R. Medical University , Chennai",Tamil Nadu,State University
10635,"Tamil Nadu Open University, Chennai",Tamil Nadu,State University
10636,"Tamil Nadu Teacher Education University, Chennai",Tamil Nadu,State University
10656,"Tamilnadu Physical Education and Sports University, Chennai",Tamil Nadu,State University
10680,"Thiruvalluvar Univeristy, Vellore",Tamil Nadu,State University
10631,"University of Madras,  Chennai",Tamil Nadu,State University
10685,"Jawaharlal Nehru Technological University, Hyderabad",Telangana,State University
10704,"Kakatiya University, Warangal",Telangana,State University
10695,"Mahatma Gandhi University, Nalgonda",Telangana,State University
10687,"Osmania University, Hyderabad",Telangana,State University
10702,P.V. Narsimha Rao Telangana Veterinary University,Telangana,State University
10697,"Telangana University, Nizamabad",Telangana,State University
10897,Maharaja Bir Bikram University,Tripura,State University
10744,"Bundelkhand University, Jhansi",Uttar Pradesh,State University
10747,"Chatrapati Sahuji Maharaj Kanpur University, Kanpur",Uttar Pradesh,State University
10763,"Dr Shakuntala Misra National Rehabilitation University, Lucknow",Uttar Pradesh,State University
10762,Dr. A.P.J. Abdul Kalam Technical University,Uttar Pradesh,State University
10734,Gautam Buddha University,Uttar Pradesh,State University
10759,"Lucknow University, Lucknow",Uttar Pradesh,State University
10742,Madan Mohan Malaviya University of Technology,Uttar Pradesh,State University
10768,"Sardar Vallabh Bhai Patel University of Agriculture & Technology, Meerut",Uttar Pradesh,State University
10766,"UP Pandit Deen Dayal Upadhyaya Veterinary University & Gau-Anusandhan Sansthan, Mathura",Uttar Pradesh,State University
10835,"Bidhan Chandra Krishi Vishwavidyalaya , Nadia",West Bengal,State University
10812,"Burdwan University, Burdwan",West Bengal,State University
10820,Cooch Behar Panchanan Barma University,West Bengal,State University
10849,Diamond Harbour Women's University,West Bengal,State University
10838,"Kalyani University, Kalyani",West Bengal,State University
10842,"Maulana Abul Kalam Azad University of Technology, West Bengal",West Bengal,State University
10826,"Netaji Subhash Open University, Kolkata",West Bengal,State University
10827,"Presidency University, Kolkata",West Bengal,State University
10828,"Rabindra Bharati University, Kolkata",West Bengal,State University
10848,Sidho-Kanho-Birsha University,West Bengal,State University
10906,The Sanskrit College and University,West Bengal,State University
10843,"The West Bengal University of Health Sciences, Kolkata",West Bengal,State University
10821,"Uttar Banga Krishi Vishwavidyalaya, Cooch Behar",West Bengal,State University
10847,"Vidyasagar University, Midnapore",West Bengal,State University
